tavg,tmin,tmax,prcp,snow,wdir,wspd,wpgt,pres,tsun,time
-15.4,-22.3,-8.5,6.4,370,345,18.9,54,1020.9,,01-01-2019
-19.3,-27.4,-11.2,0.4,370,152,11.1,,1023.2,,02-01-2019
-6.1,-11.3,-0.8,4,390,214,13.8,46,1008.6,,03-01-2019
-0.5,-1.7,0.8,0,400,234,14.5,41,1003.7,,04-01-2019
-3.3,-5.8,-0.8,0.4,370,,7.8,,1006.1,,05-01-2019
-10.8,-19.2,-2.3,0.8,320,6,19,45,1024.9,,06-01-2019
-11.2,-16.9,-5.4,10.8,320,119,22.6,50,1021.4,,07-01-2019
-2.5,-6.7,1.7,1.8,400,208,11.6,32,1002.7,,08-01-2019
-7.9,-13.6,-2.2,1.5,390,320,24.3,63,1008.6,,09-01-2019
-18.1,-22.6,-13.6,0.2,400,341,23,54,1022.9,,10-01-2019
-19,-23.7,-14.3,0,390,297,11.8,,1031,,11-01-2019
-19.1,-24.1,-14,0,390,14,10.2,,1036.8,,12-01-2019
-19.9,-25.5,-14.2,0,390,47,8.9,,1035.1,,13-01-2019
-11.6,-19,-4.1,0.2,390,231,11.1,,1023.8,,14-01-2019
-5,-8.1,-1.9,0.9,400,139,17.5,50,1014.8,,15-01-2019
-13.5,-24.9,-2,1.8,410,304,17.7,63,1017.9,,16-01-2019
-18.4,-26.1,-10.7,2.8,410,174,12.1,,1023.5,,17-01-2019
-19.6,-28.9,-10.3,0.6,460,342,13.9,46,1019.8,,18-01-2019
-28.1,-31,-23.9,0,460,36,18.7,33,1030.2,,19-01-2019
-27.1,-30.9,-23.2,0,460,6,29.1,54,1025.2,,20-01-2019
-23.6,-31.3,-15.9,0,460,322,12.4,,1032,,21-01-2019
-16.1,-23,-9,2.8,290,158,18.2,41,1028.5,,22-01-2019
-9.3,-11.6,-6.9,17.6,340,58,15.1,37,1008.3,,23-01-2019
-10.4,-12.5,-8.2,1.4,480,16,12.3,,1004.5,,24-01-2019
-21,-29.5,-12.5,3.4,530,350,15.8,46,1011.1,,25-01-2019
-25.3,-34.6,-16,2.4,480,99,11.1,,1019.8,,26-01-2019
-24,-34.1,-13.8,3.4,560,291,16.6,37,1012,,27-01-2019
-30.2,-37.1,-23.3,4,560,30,19.1,50,1021.7,,28-01-2019
-19.3,-23.4,-15.1,5.6,630,88,17.3,41,1004.8,,29-01-2019
-23.4,-30.3,-16.5,0.8,660,237,16.3,39,1004.3,,30-01-2019
-24.8,-32,-17.6,0,660,265,11.9,33,1018.9,,31-01-2019
-20,-26.5,-13.4,0,660,236,13.9,48,1025.2,,01-02-2019
-9.7,-14.6,-4.7,9.4,750,250,19.2,39,1015.5,,02-02-2019
-11.3,-15.3,-7.3,0.6,700,56,13.1,,1012.6,,03-02-2019
-9.8,-12.8,-6.8,7.2,670,33,20.3,39,1009.9,,04-02-2019
-15.9,-18.8,-12.9,0.6,660,9,19,35,1020.8,,05-02-2019
-16,-17.6,-14.4,3.6,660,40,20.5,39,1022.9,,06-02-2019
-8.1,-16.9,0.7,8.2,690,49,19.8,46,1014.7,,07-02-2019
-7.6,-16.2,1,1.8,660,257,29.9,78,1008.2,,08-02-2019
-16,-22.1,-9.9,0,630,261,14.8,33,1037.3,,09-02-2019
-11.6,-15.7,-7.4,0,620,240,7.9,31,1034,,10-02-2019
-14.6,-19.5,-9.7,0,600,39,17.1,32,1032.4,,11-02-2019
-15.2,-19.4,-10.9,10,600,60,28.5,58,1019.4,,12-02-2019
-11.5,-15.7,-7.2,4.6,770,340,18.1,35,997.8,,13-02-2019
-11.8,-18.4,-5.1,4.8,800,101,13,32,1009.8,,14-02-2019
-6.5,-11.2,-1.7,11.4,940,52,21.7,50,996.3,,15-02-2019
-13.8,-17.8,-9.7,0,1020,340,15.6,48,1017.7,,16-02-2019
-17.4,-24.4,-10.4,0,1020,32,10.9,,1022.4,,17-02-2019
-15.9,-20.1,-11.7,0,1020,359,15.9,39,1025.3,,18-02-2019
-17,-24.5,-9.4,0,1020,249,11.9,,1034.9,,19-02-2019
-11.7,-17.1,-6.3,5.6,1020,136,15.4,41,1024.2,,20-02-2019
-4.7,-8,-1.3,3,990,277,15,41,1011.2,,21-02-2019
-5.2,-8.1,-2.3,0.2,1020,273,8.1,,1029.1,,22-02-2019
-4.3,-7.1,-1.4,0,980,139,11.4,37,1025.7,,23-02-2019
-2.3,-5.9,1.4,8.8,950,152,29.1,68,987.7,,24-02-2019
-13.3,-20.6,-5.9,0,970,302,29.9,80,1010.1,,25-02-2019
-19.7,-25.1,-14.3,0,970,288,11.1,35,1032.2,,26-02-2019
-17,-21,-12.9,0.6,970,152,6.8,,1026.8,,27-02-2019
-15,-22.2,-7.8,0.2,950,222,13.7,35,1023.4,,28-02-2019
-9.3,-15.7,-2.9,0,950,199,13.2,33,1022.2,,01-03-2019
-8.8,-13.3,-4.3,2.2,930,,9.4,,1020.7,,02-03-2019
-13.2,-17.5,-8.8,0.6,980,271,9.9,,1018.4,,03-03-2019
-18.7,-24.4,-13,0,980,260,11.6,37,1014.7,,04-03-2019
-17.1,-21.8,-12.3,1.8,980,234,9.4,,1012,,05-03-2019
-19.1,-25.8,-12.3,0,1000,266,10.5,,1019,,06-03-2019
-16.2,-23.6,-8.7,0,1000,266,15.4,39,1022.5,,07-03-2019
-11.3,-19.6,-3,0,1000,230,18.1,46,1021.2,,08-03-2019
-8.6,-17,-0.2,0,680,102,16.8,48,1023.2,,09-03-2019
-2.3,-5.3,0.7,13.6,700,154,29.1,55,1000.5,,10-03-2019
-4.4,-7.8,-0.9,6.3,730,286,19.7,48,1013.1,,11-03-2019
-5.9,-11.3,-0.5,0,740,239,15.7,45,1023.3,,12-03-2019
-2.8,-6.1,0.5,5.5,730,,,41,,,13-03-2019
2.8,-0.4,6,9.4,700,145,21.3,54,1007.3,,14-03-2019
-1.2,-8.3,5.9,3.3,630,226,27.5,59,996.9,,15-03-2019
-8.5,-10.6,-6.4,0,640,307,19,39,,,16-03-2019
-6.8,-11.3,-2.2,0,640,292,13,37,1022,,17-03-2019
-9.3,-16.1,-2.5,0,640,149,9.7,,1025.3,,18-03-2019
-2.3,-7.1,2.5,0,600,228,15.4,39,1026.2,,19-03-2019
0.6,-3.5,4.7,0.4,600,194,20.5,41,1018.1,,20-03-2019
1.1,-0.2,2.4,0.2,600,211,14.1,35,1011.8,,21-03-2019
-6,-11.9,0,0,500,347,28.8,71,1011.1,,22-03-2019
-6.6,-15.1,1.9,0,500,270,20.5,48,1019.4,,23-03-2019
-4.9,-9.2,-0.5,0,500,325,15.5,42,1018.9,,24-03-2019
-6.5,-13.7,0.7,0,670,304,15.9,46,1023.2,,25-03-2019
-5.7,-13.4,2,0,660,267,12.8,37,1028.7,,26-03-2019
-1.7,-8.2,4.8,0.8,460,198,23.9,63,1024.5,,27-03-2019
2.6,-3.1,8.3,0,650,228,22.9,48,1012.1,,28-03-2019
-1.9,-5.1,1.4,0,400,65,10.9,,1020.1,,29-03-2019
-1.8,-5,2,0,390,57,10.1,35,1013.1,,30-03-2019
-5.9,-9.6,-2.1,0,620,351,21.2,46,1015.3,,31-03-2019
-5.5,-12.2,1.2,0,380,238,20.5,50,1021.1,,01-04-2019
-0.9,-3,1.2,6.8,400,190,24.6,42,1013.6,,02-04-2019
-2.9,-7.3,1.5,1.2,410,257,28.5,71,1011.8,,03-04-2019
-4.8,-10.4,0.8,0,350,280,13.3,41,1030.6,,04-04-2019
-3.4,-7.5,0.8,0.7,340,186,15.7,37,1024.1,,05-04-2019
2.5,-1,6,0,320,236,11.1,,1021.4,,06-04-2019
1.7,0.7,2.6,14.6,320,76,17.1,39,1021.2,,07-04-2019
2.9,0.3,5.5,8,280,80,15.7,39,1007.7,,08-04-2019
-0.4,-2.9,2.1,2.4,280,17,16.5,35,1005.9,,09-04-2019
-2.9,-6.3,0.6,0,250,24,20.6,45,1019.3,,10-04-2019
-3.6,-7.9,0.7,0,200,37,17.9,41,1026,,11-04-2019
3.5,-0.3,7.2,6,180,120,21.9,55,1010.2,,12-04-2019
1.3,-0.7,3.2,0,160,225,22,55,1011.8,,13-04-2019
1,-2.5,4.5,3.2,300,17,18.8,54,1013.6,,14-04-2019
1.6,-2.6,5.7,0.2,210,356,26.2,55,1006.5,,15-04-2019
2.1,-4.6,8.8,0,470,,5.7,,1017.5,,16-04-2019
4.6,-2.6,11.7,3.6,80,,8.6,,1019.3,,17-04-2019
3.7,1.1,6.2,12.6,40,84,18.7,50,1002.9,,18-04-2019
2.2,1,4,0,20,26,22.3,45,1010.8,,19-04-2019
5.8,-1,12.5,0,300,33,19.6,37,1011.9,,20-04-2019
8.1,2.7,14,0,210,,7.5,,1015.5,,21-04-2019
5.3,3,7.5,0.8,150,52,18.6,35,1023.1,,22-04-2019
5.1,1.2,9,9.5,30,58,20.4,54,1009.4,,23-04-2019
4.3,0.9,7.7,0,,359,18.2,46,1012.8,,24-04-2019
7.9,1.4,14.3,0.7,,190,18.2,39,1010.3,,25-04-2019
3.4,-1,7.8,12.3,,15,15.5,52,999.6,,26-04-2019
0.5,-3.5,4.5,1,20,326,26.4,67,1003.7,,27-04-2019
1.5,-4.4,7.3,0,,327,14.7,42,1020,,28-04-2019
2.3,-2.5,7,1.2,,148,11.2,,1027.4,,29-04-2019
4.6,-0.6,9.8,0,,32,17.3,37,1028.9,,30-04-2019
0.4,-1.3,2.1,8.8,20,57,28.7,63,1026.2,,01-05-2019
1.7,-0.9,4.3,2.1,60,67,12.5,33,1022.7,,02-05-2019
7.2,1.4,13,0,50,8,12.6,35,1019,,03-05-2019
8.8,1.3,16.3,0,,166,13.3,39,1015.4,,04-05-2019
10,1.4,18.6,0.2,,219,15.4,45,1011.3,,05-05-2019
7.5,3.8,11.2,4.2,,318,8.9,32,1014.9,,06-05-2019
5.8,0.8,10.8,0,,24,17.6,39,1023.6,,07-05-2019
5.8,-2.1,13.6,0,,63,12.9,50,1028.8,,08-05-2019
5.8,2.7,8.9,19.4,,112,23.9,67,1014.5,,09-05-2019
5.7,2.3,9,0,,285,17.1,41,1010.6,,10-05-2019
6.1,-0.4,12.6,0,,347,10.2,32,1020.5,,11-05-2019
9.3,2.5,16,0,,91,15.6,45,1016.3,,12-05-2019
9.3,6.2,12.3,0,,75,10.7,,1012.7,,13-05-2019
12.6,4.7,20.4,0,,,10.9,33,1012,,14-05-2019
9.7,3.4,16,1,,342,17.4,46,1010.4,,15-05-2019
4.3,0,8.6,5.8,,98,11.8,32,1011.6,,16-05-2019
7.8,1.9,13.6,0,,341,17.7,45,1009.6,,17-05-2019
6.3,1,11,1.5,,53,9.5,33,1018,,18-05-2019
6.3,4.7,7.9,19,,45,24,50,1011.7,,19-05-2019
6.7,3.6,9.7,2.6,,357,23.2,46,1007.9,,20-05-2019
10.7,2.8,18.5,0,,345,13.8,41,1020,,21-05-2019
10.7,4.1,17.2,0.6,,113,15.1,45,1022.1,,22-05-2019
12.4,7.9,16.8,18.6,,190,17.8,42,1010.7,,23-05-2019
13.6,9.1,18,0,,33,14,37,1019.3,,24-05-2019
13,9.5,16.4,11.8,,185,17.9,45,1011.4,,25-05-2019
14.8,8.5,21.1,0.2,,317,15.9,41,1013.7,,26-05-2019
9.6,5.3,13.8,0,,39,14.6,39,1019.4,,27-05-2019
11.6,7.4,15.7,1.2,,116,10.1,,1010.5,,28-05-2019
13.9,7.9,19.8,0,,230,20.6,59,1005.5,,29-05-2019
13.8,6.3,21.3,0,,294,17.7,48,1004,,30-05-2019
8.4,2.9,13.8,0,,212,9.5,,1010.7,,31-05-2019
11.8,3.8,19.7,0,,20,11.9,37,1009,,01-06-2019
9.8,4,15.5,0,,309,19.4,50,1006.4,,02-06-2019
9.8,4.4,15.2,0,,326,21.8,54,1013.9,,03-06-2019
6.8,2.8,10.8,0.6,,231,10,33,1014.2,,04-06-2019
11.3,7,18,0.4,,161,7.6,,1009.3,,05-06-2019
14.5,7,22.1,0,,32,13.5,35,1012.5,,06-06-2019
16.3,8.3,24.3,0,,15,13.1,35,1016.7,,07-06-2019
18.8,10.5,27,0,,175,11.8,32,1022.2,,08-06-2019
19.4,10.4,28.4,0,,176,16.2,46,1021.4,,09-06-2019
14.6,9.8,19.4,39.8,,179,19.6,46,1010.6,,10-06-2019
13.6,6.6,20.6,0,,286,15.1,33,1016.5,,11-06-2019
13,6.6,19.4,0.4,,191,13,37,1015.5,,12-06-2019
11.2,10.2,12.1,25.2,,12,19,52,1005.8,,13-06-2019
15.7,9.1,22.2,3.4,,277,23.7,59,1006.6,,14-06-2019
12.7,7.8,17.6,0.4,,282,19.4,39,1006.8,,15-06-2019
13.1,7,19.2,0,,4,10.4,,1013.9,,16-06-2019
16.5,8.7,23,0,,250,8.9,,1016.2,,17-06-2019
18.5,11.9,25,0,,231,10.6,32,1013.5,,18-06-2019
16.8,12.4,21.1,0,,26,12.6,,1009.8,,19-06-2019
16.7,11.4,21.9,0,,21,19.8,42,1007.7,,20-06-2019
16,10.5,21.4,0,,5,17.5,37,1014.3,,21-06-2019
17.1,9.5,24.6,0,,9,12.2,37,1020.2,,22-06-2019
18.2,9.4,27,0,,,8.2,39,1016.4,,23-06-2019
17.1,12.1,22.1,3.2,,133,13.1,41,1008.4,,24-06-2019
18.4,13.7,23.1,12.6,,204,21.3,50,1004,,25-06-2019
19.1,12.2,25.9,0,,226,17.5,45,1011.4,,26-06-2019
20.3,12.8,27.7,3.3,,228,12.9,48,1018.6,,27-06-2019
19.4,15.8,22.9,0,,237,11.5,41,1019.7,,28-06-2019
22.1,15.1,29,0,,292,15,42,1015.4,,29-06-2019
17.3,10.8,23.7,0,,26,13.6,37,1016.9,,30-06-2019
18.9,12,25.7,0,,225,13.7,37,1013.9,,01-07-2019
20.7,12.5,28.8,0,,257,8.9,,1010.4,,02-07-2019
22.6,14.4,30.8,0,,253,8.5,,1012.3,,03-07-2019
23.9,17,30.7,0,,205,14,41,1016.5,,04-07-2019
23.5,17.5,29.5,6,,231,12.5,52,1014.9,,05-07-2019
18.3,12.5,24,0,,13,17.2,48,1017.5,,06-07-2019
17.3,11.4,23.1,0,,56,11.1,,1020.1,,07-07-2019
18.8,10.4,27.1,0,,,8.4,,1017.8,,08-07-2019
20.5,12.2,28.8,0,,234,10.9,35,1017.6,,09-07-2019
20.2,13.4,27,9,,192,14.9,39,1014.1,,10-07-2019
19.2,13.2,25.1,2.2,,294,17.3,41,1007.7,,11-07-2019
18.4,11.1,25.6,0,,299,14.2,35,1011.3,,12-07-2019
20.2,13.5,26.9,0,,266,16.5,41,1010.3,,13-07-2019
18.5,11.2,25.7,0,,337,10.2,,1018.2,,14-07-2019
19.8,13.6,26,0,,221,15.3,39,1017.1,,15-07-2019
22.9,18,27.8,0,,213,20.7,48,1010,,16-07-2019
21.4,16.9,25.9,0,,17,16.4,39,1014.6,,17-07-2019
21.4,15.6,27.1,12.9,,147,16.5,41,1011.8,,18-07-2019
24.7,18.6,30.8,0,,239,15.2,48,1006.2,,19-07-2019
25,18.5,31.4,0,,245,14.1,46,1006.6,,20-07-2019
20.6,15,24,0,,338,12.4,32,1011.5,,21-07-2019
18.6,11.9,25.3,0,,345,9.2,,1014.1,,22-07-2019
16.4,8.8,24,0,,,8.8,32,1014.8,,23-07-2019
17.2,8.9,25.5,0,,255,11.6,42,1017.4,,24-07-2019
21.3,14.1,28.4,0,,263,10.7,32,1019.3,,25-07-2019
22,14.9,29.1,0,,211,15.5,42,1021.4,,26-07-2019
19.1,17.1,21.1,13.6,,187,23.1,55,1016.7,,27-07-2019
21.3,14.8,27.7,0,,246,11,37,1014.2,,28-07-2019
19.7,16,25,7.4,,199,16,54,1009.5,,29-07-2019
18.9,12.6,25.2,0,,269,12.7,37,1012,,30-07-2019
16.6,9.4,23.8,0,,352,10.2,42,1020.1,,31-07-2019
18,10.2,25.8,0,,264,9.1,,1021.9,,01-08-2019
19.3,10.8,27.8,0,,243,11.7,33,1019.7,,02-08-2019
18.2,12.7,23.7,0.6,,354,12.5,37,1017.4,,03-08-2019
16,7.8,24.1,0,,,8.1,,1018.3,,04-08-2019
20.2,12.9,27.4,0,,221,15.3,42,1012.5,,05-08-2019
21.9,17.3,26.4,0,,136,7.9,,1006.8,,06-08-2019
21.7,15.2,28.2,0,,187,10.4,33,1007.1,,07-08-2019
18.2,12.6,23.7,27.1,,275,11.3,59,1003,,08-08-2019
16.6,10.8,22.3,0.8,,285,14.9,52,1006.4,,09-08-2019
15.4,8.8,21.9,0,,293,12.7,39,1012.3,,10-08-2019
19,11,26.9,0,,247,15.2,41,1013.8,,11-08-2019
20.8,15,27,0,,316,9,,1011,,12-08-2019
16.2,11.1,21.2,0,,17,13.5,32,1012.5,,13-08-2019
15.5,9.3,21.6,0,,7,9.2,,1016.9,,14-08-2019
17.9,12.4,23.4,0,,175,10.3,,1017.5,,15-08-2019
17.2,9.4,24.9,0,,,9,33,1015.4,,16-08-2019
17.9,13.4,22.3,25.2,,141,9.2,,1012.4,,17-08-2019
21.6,15.9,27.3,0,,171,16.3,45,1011,,18-08-2019
19.1,13.2,25,0,,250,17.1,41,1012.2,,19-08-2019
19.6,11.7,27.5,0,,223,13.7,41,1015.6,,20-08-2019
17.5,9.4,25.6,4.8,,265,11.7,45,1010.3,,21-08-2019
13.4,8.3,18.5,0,,339,11.5,33,1015,,22-08-2019
12.5,7.5,17.4,0,,348,12.1,41,1022.7,,23-08-2019
14.6,7.4,21.8,0,,38,9.4,,1027.7,,24-08-2019
18.4,10.2,26.6,0,,114,9.3,32,1025.6,,25-08-2019
19,12.6,25.3,0,,156,16.8,41,1020.1,,26-08-2019
18.4,13.4,23.4,8.2,,167,21.5,48,1007.9,,27-08-2019
17.4,12.8,21.9,0.6,,205,20.1,59,1006.8,,28-08-2019
16.3,11.3,21.3,11.8,,224,19.8,46,1008.6,,29-08-2019
13,8.9,17,0,,268,13.5,45,1012.3,,30-08-2019
13.2,5.7,20.6,0,,276,8.9,33,1025.7,,31-08-2019
14.5,8,21,0,,207,12.3,35,1023.1,,01-09-2019
14.6,11.7,19,0.6,,323,10.7,33,1016.4,,02-09-2019
13.4,8.7,18.1,14.6,,121,19.4,50,1012.3,,03-09-2019
12.5,7.2,17.8,0,,307,17.5,42,1011.1,,04-09-2019
12,4.9,19.1,0,,260,8.6,,1020,,05-09-2019
14,11.2,16.8,2.8,,98,7.9,,1015.9,,06-09-2019
12.7,7.9,17.5,6.2,,307,11.6,50,1012.8,,07-09-2019
9.2,4.9,13.4,0,,357,14.1,42,1022,,08-09-2019
8.8,0.9,16.6,0,,,7.9,,1027.3,,09-09-2019
13.4,8.5,18.2,8.4,,168,19,45,1019.6,,10-09-2019
13.4,9.9,16.9,0,,11,17.9,37,1020.9,,11-09-2019
12.2,7.2,17.1,0,,43,20.9,42,1028,,12-09-2019
12.2,6.8,17.6,10.2,,128,22.4,54,1021.1,,13-09-2019
11.3,7,15.6,0.2,,247,21,52,1014.3,,14-09-2019
12.3,6.3,18.2,0,,248,8.7,,1020.7,,15-09-2019
15.1,9.5,20.6,0,,191,7.4,,1021.2,,16-09-2019
14.9,6.6,23.1,0,,244,9.3,,1023.3,,17-09-2019
17.6,12.7,22.4,0,,203,14.3,48,,,18-09-2019
18.1,13.2,22.9,0,,197,22,52,1021.7,,19-09-2019
18.7,13.1,24.2,0,,186,9.8,42,1021.7,,20-09-2019
18.9,11.5,26.2,0,,184,14.8,39,,,21-09-2019
18.1,16,20.1,29.2,,210,21.1,42,1009.5,,22-09-2019
14.9,11.3,18.4,13.4,,311,11.3,50,1007.2,,23-09-2019
13.2,9,17.4,0,,256,8.3,,1011.9,,24-09-2019
13.9,10.1,17.6,6,,187,19.1,65,1003.5,,25-09-2019
10.7,6.2,15.1,1,,257,12.9,45,1006.4,,26-09-2019
12.1,6.1,18.1,10.2,,190,17.9,63,1011.3,,27-09-2019
8.7,2.9,14.4,0,,351,12.7,35,1017.3,,28-09-2019
8.1,2.4,13.8,0,,75,8.7,,1030.8,,29-09-2019
11.1,7.4,14.7,14.4,,114,14.4,35,1022.9,,30-09-2019
14.5,7.4,21.6,0,,243,13.5,45,1010.8,,01-10-2019
6,3.8,8.2,0,,30,23.3,48,1019.9,,02-10-2019
4.6,3.3,5.9,3.4,,64,16.9,37,1020.6,,03-10-2019
5,1.5,8.5,0,,15,15.6,42,1028.7,,04-10-2019
6.2,0,12,0,,137,14,41,1027,,05-10-2019
11.7,7.3,16.1,1,,193,26.3,61,1011.2,,06-10-2019
9.2,3.1,15.3,0,,246,17.6,71,1015.1,,07-10-2019
8.5,0.9,16.1,0,,221,11.5,,1025.7,,08-10-2019
11.2,4.6,17.8,0,,144,16.2,,1027.4,,09-10-2019
11.1,4.4,17.7,0,,118,14.5,32,1027.3,,10-10-2019
13.5,5.3,21.6,0,,134,21.1,52,1020.1,,11-10-2019
8.4,3,13.7,10.4,,183,20.5,48,1010.9,,12-10-2019
5,3,8,13.2,,182,22.6,63,1008.2,,13-10-2019
4.2,0.1,8.3,0.6,,232,14.7,46,1010.5,,14-10-2019
4.5,-0.8,9.7,6.8,,207,11.3,37,1015.8,,15-10-2019
5,3,6,32,,43,26.9,63,1003.9,,16-10-2019
3.6,1,6.2,0,,351,25.5,58,1008.1,,17-10-2019
3.2,-0.8,7.2,0,,8,11.3,33,1017,,18-10-2019
5.3,-0.6,11.2,0,,158,15.1,35,1016.3,,19-10-2019
7.5,4,11,0,,177,11.4,,1013.6,,20-10-2019
7.7,3.1,12.3,5,,79,19.1,54,1017.2,,21-10-2019
10.8,7.3,14.3,8.6,,169,30.2,65,1002.2,,22-10-2019
5,2.6,7.4,1,,215,23.1,46,1005.4,,23-10-2019
5.1,3,9,1.8,,253,13.7,41,1018.5,,24-10-2019
2.4,-2.2,7,0,,,8.5,39,1024.7,,25-10-2019
3.4,-2.7,9.4,0,,187,12.5,39,1021.8,,26-10-2019
5.9,3.8,8,16.1,,44,17,41,1006.3,,27-10-2019
5.9,0.3,11.5,0,,195,13.1,37,1016.3,,28-10-2019
5,1.4,8.6,2.6,,186,12,35,1017.7,,29-10-2019
1.8,-1.9,5.4,0,,,6.8,,1024.8,,30-10-2019
-0.3,-3.2,2.7,24.5,10,29,28.1,76,1009.3,,31-10-2019
-3,-4.4,-1.6,4.6,170,301,22,71,1013.3,,01-11-2019
-0.3,-2.8,2.2,5,100,175,15.7,,1014.1,,02-11-2019
-1.3,-3.5,2,0,120,252,10.3,,1014.7,,03-11-2019
0.2,-2.9,3.3,6.4,130,173,15.6,46,1012.6,,04-11-2019
-1.4,-6.1,3.3,0.2,70,251,12.9,59,1015.2,,05-11-2019
-4.9,-8.1,-1.6,0.8,60,248,14.6,41,1022.5,,06-11-2019
-7.2,-11,-5,0.4,60,329,10.9,32,,,07-11-2019
-8.9,-12.5,-5.2,0,60,270,10.9,,1026.3,,08-11-2019
-3.6,-7.1,-0.1,5.4,70,196,19.7,48,1012.4,,09-11-2019
-6.4,-12.2,-0.6,1,100,335,13.9,32,1013.9,,10-11-2019
-12.5,-15.1,-10.7,0.4,100,24,16.4,,1026.1,,11-11-2019
-15.1,-17.1,-13.1,0.7,180,344,16.7,37,1024.5,,12-11-2019
-12.5,-18.1,-6.8,2.4,110,121,15.6,35,1025.6,,13-11-2019
-4.3,-6.8,-1.8,3.7,220,206,15.6,37,1016.2,,14-11-2019
-9,-16,-1.9,0.2,240,302,19.7,63,1021.8,,15-11-2019
-13,-19.4,-6.5,0,220,131,11.4,,1035.7,,16-11-2019
-6.4,-10.9,-1.9,0,210,141,17.4,33,1022.7,,17-11-2019
-1.3,-3.6,1.1,0,150,118,12.3,,1011.4,,18-11-2019
0.2,-1.5,1.9,0,180,,6.1,,1010.8,,19-11-2019
0.9,-0.6,2.4,0,120,,6,,1019.1,,20-11-2019
1.7,0.2,3.2,10,80,169,20.2,54,1010.5,,21-11-2019
-4.1,-9.1,1,2.2,50,296,21.7,59,1010,,22-11-2019
-1.8,-4.9,1.4,0,40,212,20.5,46,1006.4,,23-11-2019
-0.7,-4,2.6,0,30,217,11.9,35,997.7,,24-11-2019
2,-0.4,4.4,12.8,10,208,10.5,32,1002.5,,25-11-2019
1.8,-0.7,4.3,1.4,10,259,13.7,41,1009.8,,26-11-2019
-1.4,-3,0.2,21.6,20,56,34.9,68,1006,,27-11-2019
-4.8,-6.6,-3,0,280,8,28.1,63,1027,,28-11-2019
-8.8,-11,-6.5,0,280,36,15.7,42,1031.4,,29-11-2019
-11.2,-13,-8.7,0,280,47,23.5,50,1024.9,,30-11-2019
-10.2,-13,-7.3,0,280,53,30.9,54,1012.7,,01-12-2019
-8.2,-11,-3,0,270,28,21.9,45,1014.8,,02-12-2019
-7.9,-15,-3,2.6,220,171,7.6,,1005.2,,03-12-2019
-5.5,-9.9,-1.1,3.5,250,275,11.5,37,995.4,,04-12-2019
-8.4,-10.7,-6.1,0,240,300,14.7,41,1010.9,,05-12-2019
-10.3,-13.5,-7,0.4,230,,8.5,41,1019.1,,06-12-2019
-9.3,-17.1,-1.5,0,260,221,13.7,54,1026.8,,07-12-2019
0.8,-1.6,3.1,0.2,260,202,28.6,65,1012.4,,08-12-2019
-6.8,-14.5,1,3,220,26,23.5,46,1002.7,,09-12-2019
-17.6,-20.5,-14.6,1.6,220,293,14.2,37,1011,,10-12-2019
-13.7,-16.7,-10.6,1.2,250,222,16.2,45,1020.2,,11-12-2019
-10.8,-15.9,-5.6,5.4,250,176,12.6,37,1029.2,,12-12-2019
-2.9,-5.6,-0.1,0.9,210,148,17.2,,1016.1,,13-12-2019
-6.6,-12.5,-0.7,0,220,39,14.5,46,1003,,14-12-2019
-14.8,-17.5,-12,0,250,296,17.8,45,1011.2,,15-12-2019
-10.1,-16.9,-3.2,0,250,221,12.3,37,1019.7,,16-12-2019
-9.6,-13.6,-5.6,0.3,250,232,10.7,41,1012.5,,17-12-2019
-20.2,-26.9,-13.5,0,260,333,16.9,37,1017.2,,18-12-2019
-21.6,-27.7,-15.5,0.8,260,47,9.6,,1029.7,,19-12-2019
-16.3,-20.9,-11.6,0,260,71,12.4,,1039,,20-12-2019
-7.4,-14.6,-0.2,0,260,147,20,35,1026.9,,21-12-2019
0.1,-3,3,0,250,219,15.9,37,1016.7,,22-12-2019
-1.7,-6,2.7,0,200,285,19,42,1014.6,,23-12-2019
-7,-8.2,-5.8,0,220,74,13.8,33,1024.5,,24-12-2019
-5.8,-7.4,-4.1,0,220,78,15.7,,1019.3,,25-12-2019
-2.1,-5.8,1.6,0.6,220,121,19.8,48,1018.6,,26-12-2019
-0.3,-2.6,2.1,0,180,235,16.7,37,1015.3,,27-12-2019
-3.2,-6.6,0.3,0,150,244,13.9,35,1022.4,,28-12-2019
-5.3,-7.9,-2.7,2.5,150,68,19.2,46,1019.9,,29-12-2019
-2,-5.2,1.3,9.4,140,110,31.6,59,1000.5,,30-12-2019
-3,-5.2,-0.8,5,210,151,12.4,33,996.6,,31-12-2019
-4.8,-6.2,-2.7,0,330,244,13.4,33,1001.9,,01-01-2020
-1,-4.2,2.3,0,330,185,18.7,35,999.5,,02-01-2020
-0.3,-2.6,2,0,270,271,15,37,1005.7,,03-01-2020
-5.5,-8.4,-2.6,0.7,270,16,13.3,,1011.4,,04-01-2020
-9.7,-13.1,-6.3,4.4,270,18,10.6,32,1014.2,,05-01-2020
-5.7,-8.3,-3.1,5.4,330,248,14.9,41,1006.8,,06-01-2020
-5.9,-12.7,0.9,1.2,360,210,13.6,42,1008.9,,07-01-2020
-14.5,-23,-6,0,370,315,17.6,48,1021.5,,08-01-2020
-14.7,-24.4,-5,0.8,370,119,17.7,39,1031.9,,09-01-2020
-0.9,-5,3.2,0,350,222,14.2,46,1017.8,,10-01-2020
-9.9,-17.5,-2.2,2.8,290,20,28.4,67,1020.6,,11-01-2020
-16.6,-19.7,-13.4,5.3,330,30,27.8,65,1028.4,,12-01-2020
-14.8,-18.7,-10.4,0,330,64,8.8,,1031.2,,13-01-2020
-11.8,-18.1,-5.5,2.2,330,110,12.7,,1022.8,,14-01-2020
-3.3,-6,-2.5,1.6,340,273,7.8,,1019.2,,15-01-2020
-12.7,-20,-4.2,0.2,340,350,17,41,1028.6,,16-01-2020
-20.5,-25.2,-15.7,0,370,292,7.6,,1045.3,,17-01-2020
-14.8,-17.5,-12,9.4,340,88,21.9,48,1019.5,,18-01-2020
-15.6,-21.1,-10.1,0.8,420,359,21.3,46,1017.6,,19-01-2020
-15.9,-22.4,-9.3,0,420,286,11,,1031.9,,20-01-2020
-10.2,-17.5,-2.9,0,420,235,20,48,1027,,21-01-2020
-2.3,-4.5,-0.1,0.4,420,216,30.2,59,1019,,22-01-2020
-1,-1.5,-0.4,1.6,330,163,12.5,37,1023.9,,23-01-2020
-0.1,-1.4,1.3,1.2,340,72,18.9,32,1024.5,,24-01-2020
-0.1,-0.6,0.5,11.4,320,119,16.6,35,1011.7,,25-01-2020
-1.5,-3.9,1,7.4,380,286,11.3,37,1003.3,,26-01-2020
-4,-5,-3,0,430,347,19.4,39,1010.3,,27-01-2020
-9.2,-13.4,-4.9,0,420,8,15.2,,1017.5,,28-01-2020
-12.6,-16.2,-8.9,0,420,33,12.6,32,1027,,29-01-2020
-12.7,-18.1,-7.3,0,420,73,8.1,,1027.5,,30-01-2020
-8,-12.4,-3.6,1,420,155,10.5,,1023.2,,31-01-2020
-2.1,-3.7,-0.4,4.4,390,190,22.3,41,1008.9,,01-02-2020
-2.4,-4.5,-0.2,2,400,201,11.2,,997,,02-02-2020
-1.2,-2.8,0.4,0,400,253,13,39,1006.9,,03-02-2020
-9.3,-16.5,-2.1,0,380,303,15.5,41,1013.8,,04-02-2020
-13.9,-20.2,-7.5,0,380,230,13.1,37,1021.1,,05-02-2020
-8.2,-11.7,-4.7,1.8,380,83,13.3,45,1008.2,,06-02-2020
-17.4,-23,-11.7,0.3,410,11,27.3,52,1007.4,,07-02-2020
-21.9,-28.1,-15.6,0,410,295,9.6,,1024.5,,08-02-2020
-10.2,-17.9,-2.4,2.8,400,172,16.8,54,1023.3,,09-02-2020
-6.7,-10.7,-2.6,1.6,450,316,11,,1017.7,,10-02-2020
-4.9,-8.2,-2.7,0,530,222,17,38,1012.9,,11-02-2020
-8.7,-16.6,-0.8,0.4,430,217,25.3,55,1012,,12-02-2020
-22.3,-28,-16.6,1.6,340,6,23.8,52,1019.2,,13-02-2020
-20.5,-30.6,-10.4,0,420,219,12.4,35,1031,,14-02-2020
-7.2,-10.3,-4,3,420,208,34.3,71,1017.5,,15-02-2020
-10.6,-17.1,-4.1,0,390,283,15.7,42,1015.1,,16-02-2020
-14.5,-21.7,-7.3,0,440,154,9.8,,1027.1,,17-02-2020
-7.1,-10.9,-3.3,18.2,480,19,17.4,58,1011.8,,18-02-2020
-14.6,-20.1,-9,1.1,660,308,14.4,42,1027.8,,19-02-2020
-19.2,-26.4,-11.9,0,670,260,12.8,33,1034.4,,20-02-2020
-7.6,-13.6,-1.5,0,650,223,27.8,65,1021.7,,21-02-2020
-2,-6.7,2.8,0,630,223,20.1,42,1015.7,,22-02-2020
-2,-8.7,4.7,0,600,195,18.5,46,1011,,23-02-2020
0,-4.8,4.8,0,550,262,12.5,37,1011.1,,24-02-2020
-4.8,-9.6,0,0,550,16,21.6,39,1020.4,,25-02-2020
-11.8,-15,-8.5,4,520,26,30,54,1020.6,,26-02-2020
-13.5,-16,-11,12.6,290,326,27.6,50,1002.6,,27-02-2020
-17.1,-21.2,-13,2.2,340,313,19,42,1005.9,,28-02-2020
-13.9,-21.1,-6.6,0.2,360,288,10.2,,1015.1,,29-02-2020
-8.2,-16.9,-1.3,0,360,192,14.9,41,1015.2,,01-03-2020
-1.4,-5.8,3.9,0,360,223,15.8,37,1001.8,,02-03-2020
-5.1,-10.3,0.1,0.2,260,180,9.1,,1001.9,,03-03-2020
-2.1,-5.8,1.7,0,270,250,11.1,32,1005.2,,04-03-2020
-3.7,-6.5,-0.8,8.2,270,272,10.7,39,1018.3,,05-03-2020
-9.6,-15.2,-3.9,4.6,350,22,27.2,50,1025.3,,06-03-2020
-10.2,-19.1,-1.2,0,570,228,15.7,41,1030.6,,07-03-2020
-0.4,-6.8,6,0,330,171,14.9,37,1021.2,,08-03-2020
2.8,-0.5,6.1,14.2,220,179,14.7,,1015.5,,09-03-2020
-3,-9.7,3.8,6.4,220,329,17.8,54,1016.1,,10-03-2020
-6.2,-11,-1.3,0.8,220,134,12.4,,1021.2,,11-03-2020
0.5,-2.2,3.2,0,190,157,14.7,35,1014.3,,12-03-2020
1.1,-1.4,2.8,11.4,180,237,30.5,76,1002.8,,13-03-2020
-4.1,-9.2,1,0,180,327,22.1,46,1029.3,,14-03-2020
-8.7,-14.3,-4,0,180,39,17,35,1041.8,,15-03-2020
-6.5,-12,-0.9,0.2,180,159,20.2,41,1029.4,,16-03-2020
-2.2,-6.8,2.4,1.4,180,254,21,55,1015.7,,17-03-2020
-4.7,-9.2,-0.2,0,180,197,10.5,32,1028.6,,18-03-2020
0.4,-5.3,6,7.2,170,99,12.6,33,1021.9,,19-03-2020
-3.8,-12.3,2.3,4.6,120,3,24.7,65,1011.6,,20-03-2020
-12,-19.5,-4.4,0,140,343,9.3,,1037.5,,21-03-2020
-8.8,-16.2,-1.4,0,100,121,11,,1038.2,,22-03-2020
-2.8,-7.7,2.2,0,90,177,12.3,,1023.5,,23-03-2020
-0.8,-6.3,4.2,0,90,234,8.8,,1022.1,,24-03-2020
0.6,-3.4,3.9,0.2,90,181,18,37,1015.4,,25-03-2020
-3,-6.5,0.5,5.7,120,29,15,39,1011.9,,26-03-2020
-2.6,-9.3,3.7,0,130,48,8,,1018,,27-03-2020
1.7,-4,6.5,0,100,86,11.9,33,1017,,28-03-2020
2.7,1.4,3.9,9,70,98,21.3,59,1005.2,,29-03-2020
2,0.5,3.5,0,50,25,20.7,50,1010.4,,30-03-2020
2.1,0.4,3.8,0,50,30,21,39,1020.5,,31-03-2020
3,-2.6,8.5,0,50,21,14.3,35,1017.1,,01-04-2020
2.5,-2.7,7.6,0,10,353,15.9,41,1018.3,,02-04-2020
3.9,-0.3,8.1,0,270,32,16.4,39,1019.7,,03-04-2020
4.8,0,9.5,2.8,240,250,8.1,,1017.4,,04-04-2020
3.9,-0.2,7.9,0,190,308,12.8,32,1019.4,,05-04-2020
2.8,-3.9,9.5,0,160,261,10.7,35,1018,,06-04-2020
3.6,-3.3,10.4,0,110,175,12.6,33,1011.7,,07-04-2020
3.9,1.4,6.4,2.8,60,139,11,35,1003,,08-04-2020
1.1,-1.4,3.9,0,0,288,22,55,994.5,,09-04-2020
-0.5,-3.3,3.3,0,10,343,25.3,54,1003.8,,10-04-2020
0.4,-6.2,6.9,0,,258,14.5,41,1011,,11-04-2020
3.6,-2.4,9.5,1.4,,127,12.7,33,1010.4,,12-04-2020
1.9,-3.9,7.7,9.1,,169,24.9,67,995.2,,13-04-2020
-1.9,-6.4,2.6,2.1,0,247,19.8,52,1012.6,,14-04-2020
-4.9,-10.2,0.4,0.4,20,261,11,37,1013.6,,15-04-2020
-2.8,-8.3,2.8,0.3,0,265,18.1,55,1017.1,,16-04-2020
-1.4,-8,5.3,0,,237,16.2,45,1016.7,,17-04-2020
2.2,-4.3,8.7,0,,215,21.5,59,1007.4,,18-04-2020
-0.6,-5.9,4.8,0.2,,315,17.3,41,1003.8,,19-04-2020
-1,-7.5,5.6,1.4,10,162,23.8,58,1004.7,,20-04-2020
-4,-7.9,0,2.6,20,295,24.9,63,998.2,,21-04-2020
-5.1,-11.4,1.3,0,0,316,17.4,45,1014.6,,22-04-2020
-0.9,-9,5.3,0,,43,10.1,,1016.4,,23-04-2020
3.4,-3.6,10.1,0,,48,14.2,37,1014.1,,24-04-2020
5.7,-3.4,14.7,0,,183,10,33,1017.9,,25-04-2020
6.6,1,12.2,0,,25,24.6,50,1020.8,,26-04-2020
5.9,-2,13.7,0,,56,12.7,,1020.8,,27-04-2020
6.1,-0.8,12.9,0,,139,12.7,42,1017.9,,28-04-2020
6.7,4.2,9.2,32.3,,85,25.2,67,1013.9,,29-04-2020
6.4,2.5,10.3,20.3,,52,16.4,42,1004.5,,30-04-2020
10.3,1.8,18.7,0,,332,16.3,39,1011.5,,01-05-2020
8.8,3.6,13.9,1.2,,195,12,39,1010.7,,02-05-2020
5.7,0.5,10.8,0,,288,17.9,48,1006.6,,03-05-2020
1.8,-3.7,7.2,0,,359,22.6,48,1018.3,,04-05-2020
2.6,-4.7,9.8,0,,29,16,37,1019.6,,05-05-2020
5.8,-2.5,14.1,0.2,,7,10.6,50,1014.6,,06-05-2020
0.5,-3.8,4.8,6.4,10,21,18.9,48,1011,,07-05-2020
-3.9,-5.8,-1.9,6.2,100,339,19,45,1013.1,,08-05-2020
-1.4,-4.8,2.2,0,80,309,17.5,37,1013.2,,09-05-2020
1.3,-2.2,5.3,0,30,313,13.7,39,1014.2,,10-05-2020
0.7,-4.1,5.4,0,,357,16.6,33,1016.5,,11-05-2020
1.4,-5.2,8,0,,331,11.6,42,1018.3,,12-05-2020
5.1,-3.8,13.9,0,,267,12.9,42,1025.1,,13-05-2020
5.7,0.2,11.1,4.8,,155,12.8,33,1018.8,,14-05-2020
11,6.2,15.8,0.4,,305,9.8,42,1011.4,,15-05-2020
8.2,4.1,12.3,0,,28,14.9,32,1023.7,,16-05-2020
11.7,3.2,19.8,0,,58,14.1,37,1024.6,,17-05-2020
12.6,8,17.2,0,,49,25.6,52,1024,,18-05-2020
13.2,7.5,18.8,0,,76,19,35,1026.4,,19-05-2020
15.6,7.1,22.8,0,,167,14.8,42,1026.2,,20-05-2020
16.3,6.7,25.9,0,,210,14.8,41,1022.6,,21-05-2020
18.2,7,29.4,0,,251,9.6,,1017.1,,22-05-2020
21.4,12.5,30.2,0,,88,14,32,1016.3,,23-05-2020
18.3,15.5,21.1,9.4,,143,14.5,37,1015.2,,24-05-2020
20.7,15.4,26,0,,234,10.3,33,1014.6,,25-05-2020
23.5,16.5,30.4,0,,196,17,50,1015.8,,26-05-2020
24.3,16.8,31.7,0,,200,17.8,52,1014.8,,27-05-2020
21,16.9,25,2.2,,185,18.2,46,1010.7,,28-05-2020
13,9,16.9,3.1,,316,14.2,33,1008.3,,29-05-2020
7,2.4,11.5,5,,352,14.8,48,1015.5,,30-05-2020
6.1,1.3,10.9,1.2,,283,11.4,33,1022.6,,31-05-2020
13.6,4.1,23,0.2,,244,15.1,48,1017.7,,01-06-2020
14.7,10.8,18.6,9,,180,13.2,,1008.6,,02-06-2020
18,12.1,23.8,0.8,,325,13.5,50,1003.4,,03-06-2020
16.1,7.8,24.4,0,,304,11.7,32,1007.3,,04-06-2020
18.1,11.1,25.1,0,,265,10.2,35,1008.8,,05-06-2020
13.2,7.5,18.9,0,,352,18.6,50,1014.1,,06-06-2020
11.7,5.1,18.2,0,,26,15.3,35,1020.8,,07-06-2020
14.7,7,22.3,0,,175,14.3,41,1017.5,,08-06-2020
17.4,13,22.9,0,,50,13.3,37,1011.4,,09-06-2020
19.3,15.7,26.2,6.6,,160,28.8,76,1000.7,,10-06-2020
11,4.6,17.4,1,,230,27.4,63,1004.4,,11-06-2020
8.3,2.8,13.7,0,,309,18.4,46,1020.5,,12-06-2020
10.9,2,18,0,,15,13.2,45,1028.2,,13-06-2020
12.9,5.2,20.6,0,,45,12.4,32,1031.3,,14-06-2020
15.6,7.5,23.7,0,,235,9.5,33,1030.4,,15-06-2020
16.7,8.4,24.9,0,,214,14.5,39,1027.1,,16-06-2020
20,11.5,28.2,0,,222,13,37,1022.4,,17-06-2020
20.5,11.7,29.2,0,,225,12,35,1018.2,,18-06-2020
21.5,12.8,30.2,0,,225,10.5,32,1015.4,,19-06-2020
23.6,15.7,30,0,,247,13.2,33,1013.8,,20-06-2020
22.6,17.4,27.7,0,,205,14.8,41,1010,,21-06-2020
22.7,16.3,29.1,0,,231,11.8,33,1009.8,,22-06-2020
18.1,13.1,23.1,40,,161,13,42,1001.2,,23-06-2020
11.6,10,13.1,16.6,,292,15.3,39,999.2,,24-06-2020
17.1,10.9,23.2,1.2,,240,18,46,1006.6,,25-06-2020
19.6,13,26.9,0.6,,234,15.5,46,1008,,26-06-2020
19.9,14.8,25,9.4,,240,9.7,35,1003.1,,27-06-2020
21.7,16,27.3,0,,3,12.5,32,1008.1,,28-06-2020
22.7,15.6,29.8,0,,38,9.7,,1013.8,,29-06-2020
23.4,17.3,29.4,0,,78,9.3,,1015.8,,30-06-2020
23.5,15.6,31.4,0,,306,7.4,,1013.9,,01-07-2020
25.7,17.9,33.5,0,,331,12.3,33,1012.1,,02-07-2020
23.4,17.1,29.6,0,,6,14.6,39,1014.5,,03-07-2020
21.8,14.3,29.3,10.1,,297,10.7,39,1016.3,,04-07-2020
22.5,16.1,28.8,2.1,,323,10,45,1014.4,,05-07-2020
23.2,15.9,30.4,0,,191,10.3,37,1015.4,,06-07-2020
23.3,18,28.5,40.5,,209,13,74,1011.7,,07-07-2020
24,17.4,30.6,0,,269,9.3,,1011.4,,08-07-2020
24.8,18.1,31.4,0,,223,13.6,41,1011.2,,09-07-2020
25.8,20.6,31,30.2,,197,13.2,59,1008.1,,10-07-2020
21.1,19,24.9,12.7,,334,12.2,33,1003.7,,11-07-2020
18.1,14.4,21.8,0,,340,14,32,1007.1,,12-07-2020
16.2,13.1,19.2,0.4,,346,12.8,37,1012.4,,13-07-2020
19,11.7,26.3,0,,225,8.6,,1017,,14-07-2020
20.3,16.5,24.1,18.4,,167,18,46,1017.4,,15-07-2020
20.9,17.2,24.6,9,,120,8.3,,1015.6,,16-07-2020
21.6,15.2,28,0,,239,14.5,45,1014.6,,17-07-2020
20.7,15.5,25.8,13,,214,15.8,48,1013.1,,18-07-2020
20.8,17.9,24.1,4.8,,202,17.5,48,1003.5,,19-07-2020
16.5,13,19.9,0,,291,13.7,37,1010,,20-07-2020
17.1,11.6,22.5,0,,292,6,,1017.6,,21-07-2020
17.5,14.5,20.4,2.8,,38,11.6,42,1015.4,,22-07-2020
19.4,13.4,25.4,0,,35,11.1,,1018.3,,23-07-2020
20.7,13.6,27.7,0,,246,8.8,,1020.1,,24-07-2020
21,13.8,28.2,0,,228,16.3,45,1016.3,,25-07-2020
23.2,19.3,26.3,1.4,,233,13.8,35,1009.8,,26-07-2020
22.5,16.8,28.2,4.6,,240,13.9,42,1004.2,,27-07-2020
19.1,14.3,25,5.8,,249,13.9,46,1006.2,,28-07-2020
19.5,14.8,24.2,0.2,,271,9.3,,1009,,29-07-2020
19.2,15.3,24.2,0,,347,11.2,32,1012.3,,30-07-2020
20.5,14.6,26.4,0,,17,11.3,,1014.1,,31-07-2020
21.7,15,28.3,0,,298,6.5,,1013.2,,01-08-2020
16.8,12.3,21.3,9.4,,22,15.4,48,1009.2,,02-08-2020
13.4,10.2,16.5,1.8,,23,16.9,39,1016.7,,03-08-2020
14.2,12.9,15.9,1,,20,21.8,41,1015.6,,04-08-2020
14.3,10.4,18.1,2.4,,279,14,39,1013.8,,05-08-2020
16.8,8.7,24.9,0,,227,10.8,35,1018.7,,06-08-2020
19.5,12.1,26.8,0,,247,7.9,,1020.1,,07-08-2020
19.7,12.9,26.4,2.4,,215,14.9,41,1019.1,,08-08-2020
22,17.1,26.9,0.6,,232,11.4,,1014.2,,09-08-2020
24,18.5,29.4,7.6,,207,18.9,46,1010.3,,10-08-2020
20.6,14.8,26.3,11,,262,11.7,35,1008.8,,11-08-2020
21.3,14,28.5,0,,267,8,,1016,,12-08-2020
22.1,17,27.1,0,,105,8.5,,1020.8,,13-08-2020
22.2,15.9,28.5,0,,100,9.3,,1020.1,,14-08-2020
21.3,15.6,27,0,,141,12.5,32,1015.8,,15-08-2020
17.4,13.3,21.5,3.9,,224,8.1,45,1012.6,,16-08-2020
16.9,11.3,22.4,2,,288,8.1,58,1011.4,,17-08-2020
14,11.1,18.8,1.4,,348,12.5,35,1013.9,,18-08-2020
13.9,7.3,20.4,0,,315,8.8,,1017.3,,19-08-2020
16.8,12.8,20.7,11,,194,12.5,35,1011.9,,20-08-2020
17.8,12.7,21.7,0,,42,8.2,,1011.9,,21-08-2020
19.7,14.9,24.4,0.3,,244,9.8,45,1012.7,,22-08-2020
19.3,17.4,21.2,18.8,,107,10.6,46,1014,,23-08-2020
21.5,17.2,25.7,0.4,,242,11.4,37,1011.5,,24-08-2020
12.8,6.4,19.1,0,,347,16.9,42,1014.4,,25-08-2020
10.6,4.9,16.3,0,,20,6,,1016.8,,26-08-2020
14.6,12.3,16.8,16.4,,47,13.5,,1007.1,,27-08-2020
16.2,12.7,19.6,2.8,,23,7.8,,1010.4,,28-08-2020
14.4,13.4,17,20.5,,29,11.8,,1000.7,,29-08-2020
14.1,9.7,18.5,0,,356,11.1,,1011.2,,30-08-2020
15.2,9.8,20.7,0,,138,18,46,1014.3,,31-08-2020
17.6,13.8,22.1,0,,196,14.5,33,1010.7,,01-09-2020
15.2,9.3,21,15.5,,257,14,50,1003.6,,02-09-2020
15.6,7.6,23.6,6.2,,214,22.7,72,1003.3,,03-09-2020
12.2,6.6,17.7,0,,252,18.9,50,1009.5,,04-09-2020
11.9,5.8,17.9,1.4,,264,10.9,37,1017.9,,05-09-2020
11.7,4.7,18.1,14.6,,210,15.9,59,1017.9,,06-09-2020
12.2,6.6,17.8,0.9,,233,23,61,1005.3,,07-09-2020
8.2,4.9,11.4,0,,356,6.5,,1022.5,,08-09-2020
9.6,8.2,10.9,9.1,,55,12.3,33,1028.1,,09-09-2020
7.5,4.3,10.7,8,,12,13.1,41,1028.7,,10-09-2020
10.2,2.5,17.8,0,,258,7.8,,1028.6,,11-09-2020
10.5,7.4,13.6,0.9,,159,11.3,32,1021.3,,12-09-2020
12.6,6,19.1,9.3,,240,20.3,50,1009.2,,13-09-2020
7.8,2.4,13.2,0,,343,10.8,41,1027.1,,14-09-2020
9.6,3.9,15.3,15.6,,176,17.3,48,1021.8,,15-09-2020
11.4,5.9,16.8,0.2,,249,17,37,1010.5,,16-09-2020
5.9,-0.4,12.2,0,,338,9.8,,1021.3,,17-09-2020
5.5,0.2,10.8,0,,10,12.4,35,1027.1,,18-09-2020
5.8,-0.6,12.1,0,,287,7.8,,1029.9,,19-09-2020
9.2,2.8,15.5,0,,171,17,39,1033.6,,20-09-2020
11.5,5.5,17.4,0,,181,18.7,41,1030.9,,21-09-2020
15,8.1,21.8,0,,207,18.2,41,1018.9,,22-09-2020
15.9,7.9,23.8,0,,284,9.8,32,1012.7,,23-09-2020
10.6,6.3,14.8,0,,44,15.4,42,1015.1,,24-09-2020
13.9,6.5,21.3,2.8,,139,15.3,33,1015.5,,25-09-2020
17.2,13.7,20.7,7.3,,187,22.2,42,1008.5,,26-09-2020
17.1,12.5,21.6,0,,203,24.3,54,1002.6,,27-09-2020
12.9,11.5,14.3,15.3,,49,11,41,1004.3,,28-09-2020
12.1,8.5,15.7,0.7,,223,19,46,1003.9,,29-09-2020
10.4,6.6,14.1,1.1,,211,9.5,33,997.9,,30-09-2020
5.5,2.4,8.5,0.5,,338,13.7,35,1008.8,,01-10-2020
4.6,2.1,7,0,,357,14,39,1019.1,,02-10-2020
4.9,1.4,8.3,0,,9,8.1,,1022.7,,03-10-2020
4.6,1.8,7.4,0,,58,9.9,,1022.9,,04-10-2020
5.7,-0.7,12.1,0,,222,16.3,46,1019.4,,05-10-2020
11.8,8.5,15,0.9,,206,19.8,41,1006.8,,06-10-2020
5.8,0.3,11.2,2.2,,283,20.3,54,1002.8,,07-10-2020
5.1,0.4,9.8,0,,306,7.2,,1017.8,,08-10-2020
6.8,-0.1,13.7,0.3,,206,13.7,50,1014.4,,09-10-2020
9.9,2.8,14.3,0,,301,19.6,58,1008,,10-10-2020
3.8,-0.6,9.8,0,,77,15.9,33,1024.7,,11-10-2020
7.8,0.7,14.8,6.3,,124,20.5,54,1014.7,,12-10-2020
10.5,5.9,15,9.3,,225,20.2,50,1009.1,,13-10-2020
8.1,2.4,13.8,3.6,,220,14.6,45,1009.7,,14-10-2020
6.4,1.1,11.7,1.2,,220,23,67,1000.9,,15-10-2020
2.5,-2.2,7.1,3.1,0,228,11.5,59,1017.3,,16-10-2020
3.7,-1.1,8.4,0,,176,18.3,59,1020.3,,17-10-2020
5.7,0.7,8.8,14.5,,224,24.3,67,1016.6,,18-10-2020
1.2,-3.2,5.6,0,,170,8.7,,1024.7,,19-10-2020
2.3,-0.8,5.3,0,,1,11.7,32,1026.1,,20-10-2020
3.9,0.2,7.6,4.4,,320,15.6,39,1018.4,,21-10-2020
3.3,0.3,6.3,19,,294,9.3,45,1024.8,,22-10-2020
1.7,-0.2,3.5,25.1,,32,23.5,42,1012.5,,23-10-2020
-1.3,-4.1,1.5,0,0,341,14.3,39,1022.2,,24-10-2020
-1.2,-3.9,1.5,0.6,10,138,10,,1026.7,,25-10-2020
-2.7,-5.5,0.2,3.4,30,102,13.6,,1023,,26-10-2020
-3.2,-6.7,0.4,0,20,148,10.3,,1024.3,,27-10-2020
2.1,0.3,3.8,0,20,224,16.6,41,1011.9,,28-10-2020
-3.1,-7.1,0.9,0.5,10,23,21.5,50,1016.8,,29-10-2020
-5,-9.1,-0.9,0,,11,13.5,33,1023.6,,30-10-2020
-2.4,-8.6,3.8,1.3,,194,19.4,61,1024.8,,31-10-2020
-0.2,-6.2,5.8,20.5,20,254,28.8,76,1003.6,,01-11-2020
-3.3,-8.5,1.9,1,20,281,21.2,55,1012.1,,02-11-2020
-4.2,-6.6,-1.7,0.3,20,52,15.4,50,1017.8,,03-11-2020
5.3,-3.3,13.9,0,,169,17.3,42,1015.6,,04-11-2020
8.3,1.5,15.1,0,,199,14,33,1015.9,,05-11-2020
8.6,1.3,15.8,0,,210,13.6,45,1016.4,,06-11-2020
10.8,4.4,17.2,0,,198,14.8,37,1017.6,,07-11-2020
11.9,5.4,18.3,0,,187,15.8,37,1023.3,,08-11-2020
15.6,11,20.1,0,,187,22.4,54,1018.9,,09-11-2020
16.3,13.8,18.8,4.4,,192,26.1,65,1008,,10-11-2020
7.5,0.4,14.5,4.7,,235,28.5,65,1007.1,,11-11-2020
3.4,-2.4,9.1,0,,206,17.2,42,1018.8,,12-11-2020
1,-1.4,3.4,6.4,,192,15.7,46,1014.8,,13-11-2020
0.2,-3.4,3.7,0,,215,13.9,39,1020.3,,14-11-2020
3.7,-0.4,7.7,29,,163,29.4,71,994.6,,15-11-2020
-0.7,-3.3,1.9,1.6,0,264,20.2,45,1004.7,,16-11-2020
-6.8,-10.4,-3.1,0.6,10,324,20.3,52,1021.5,,17-11-2020
-6.3,-10.5,-2.1,0,10,220,13.3,41,1031.8,,18-11-2020
3.4,-2.1,8.9,0,,194,22.7,46,1013.3,,19-11-2020
4.3,-0.4,9,0.2,,250,13.8,58,1016.1,,20-11-2020
-3,-5.6,-0.3,0,,350,11,33,1033,,21-11-2020
-3.4,-5.4,-1.4,0,,116,9.2,,1028.2,,22-11-2020
-5.8,-11.7,0.1,0.5,10,312,13.5,45,1021.4,,23-11-2020
-8.8,-12.5,-5.1,2.3,0,90,15.2,32,1030,,24-11-2020
-2.5,-5,0.1,1.5,40,117,15.1,35,1017.2,,25-11-2020
1.3,0,2.5,0.8,30,163,12.3,,1011.6,,26-11-2020
1.3,-0.2,2.8,0,10,250,7.5,33,1015.3,,27-11-2020
-0.1,-2.9,2.8,0.2,0,229,11.3,39,1012.4,,28-11-2020
1.9,-1.9,5.6,0,,173,12.6,,1011.3,,29-11-2020
-1.5,-5.3,2.4,0,0,359,27.6,65,1010,,30-11-2020
-4.6,-6.3,-2.9,0,0,1,38.1,80,1007.5,,01-12-2020
-3.1,-8.1,1.9,0,0,300,21.5,50,1012.3,,02-12-2020
-0.9,-2.5,0.8,0,10,239,15.8,48,1010.2,,03-12-2020
-3.5,-7.2,0.2,2.6,10,346,14.9,55,1010,,04-12-2020
-5.6,-8,-3.1,0,40,5,17.3,35,1021.1,,05-12-2020
-7.9,-10.7,-4.8,0,,359,10.7,,1020.1,,06-12-2020
-7.9,-10.4,-3.4,0,0,351,16.4,33,1017.9,,07-12-2020
-7.3,-14.1,-0.4,0.2,0,256,14.3,35,1012.6,,08-12-2020
-0.2,-1,0.6,0.6,10,282,11.3,32,1004,,09-12-2020
-0.3,-1.6,1.1,0,10,227,11.3,,1016,,10-12-2020
-1.7,-5.1,1.7,0,10,37,17.5,37,1017.8,,11-12-2020
-7.2,-9.1,-5.2,22.6,20,38,35.7,67,1017.3,,12-12-2020
-10.7,-13.3,-8.1,0.2,190,295,16.7,50,1016.3,,13-12-2020
-8.4,-13.8,-3,1.1,190,253,19.6,52,1014.8,,14-12-2020
-16.7,-19.8,-13.6,0,190,315,10.1,,1031.6,,15-12-2020
-16.7,-19.9,-13.4,0,190,76,16.1,33,1031.1,,16-12-2020
-13.7,-18.2,-9.1,0,80,48,17.5,,1026.2,,17-12-2020
-10.5,-17.1,-3.9,0,80,112,13.9,35,1028.9,,18-12-2020
-1.2,-4.8,0,2.5,180,164,18.8,39,1018.9,,19-12-2020
0.1,-0.7,0.8,4,150,181,17.3,39,1008.1,,20-12-2020
-1.4,-2.6,-0.2,0.6,200,229,8.9,,1004.4,,21-12-2020
-6.2,-10.3,-2.1,0,180,308,14,39,1015.2,,22-12-2020
-1.7,-7.7,4,1,190,159,29.9,61,1012.6,,23-12-2020
0.6,-4,5.1,10.1,150,202,25.2,61,1000.6,,24-12-2020
-9.3,-14.5,-4,4.8,150,344,21.2,54,1003.4,,25-12-2020
-13.3,-15,-11.6,2.4,300,286,9.4,,1007.5,,26-12-2020
-9.5,-13.9,-5,3.8,160,152,12.2,35,1016.6,,27-12-2020
-10.3,-15,-5.5,4.6,240,354,17.9,46,1014,,28-12-2020
-11.2,-15.9,-6.5,0,280,245,11.2,32,1030.5,,29-12-2020
-4.5,-8.6,-0.4,2.5,280,172,21.9,52,1011.3,,30-12-2020
-4.5,-5.6,-3.3,0,300,263,14.1,35,1019.9,,31-12-2020
-3.4,-4.8,-2,0,300,177,11.9,,1025.7,,01-01-2021
-3.9,-5.3,-2.4,0,300,307,11.1,,1016.9,,02-01-2021
-2.9,-4.3,-1.4,0,300,191,13.6,,1015.7,,03-01-2021
-1.7,-3.2,-0.6,0,300,209,17.5,33,1014.8,,04-01-2021
-1.6,-2.5,-0.6,0,300,127,8.3,,1017.2,,05-01-2021
-3.6,-6.2,-0.9,0,300,351,13.7,32,1027.2,,06-01-2021
-10.1,-13.6,-5.9,0,150,13,18.4,34,1032,,07-01-2021
-9.6,-15,-4.1,0,300,10,15.8,42,1027.7,,08-01-2021
-9.7,-12.8,-6.5,0,270,359,12.3,32,1025.9,,09-01-2021
-7.8,-11.7,-3.9,0,270,241,8,,1025.6,,10-01-2021
-3.3,-4.3,-2.2,0,270,230,16.1,41,1018.9,,11-01-2021
-2.6,-4.1,-1.1,0.2,270,211,11.4,,1015.5,,12-01-2021
-0.9,-1.3,-0.5,0,270,213,17.3,37,1006.6,,13-01-2021
-1.4,-2.4,-0.4,0,250,59,10.5,,1009.2,,14-01-2021
-0.1,-1.2,1.1,0.8,200,95,19.8,37,1009.7,,15-01-2021
-3,-5.5,-0.4,4.4,220,22,15.2,42,1000.7,,16-01-2021
-9.8,-13.9,-5.6,0.4,260,340,17.9,37,1003.6,,17-01-2021
-14.8,-18.7,-10.9,0,270,39,10.8,,1011.8,,18-01-2021
-12.4,-18.4,-6.3,0.6,270,5,10,32,1014.5,,19-01-2021
-14.2,-20.5,-7.8,1.6,270,99,14.6,42,1016.9,,20-01-2021
-4.4,-8.8,0,0.6,290,254,21.7,59,994.6,,21-01-2021
-13.7,-18.1,-9.3,0,290,338,18.8,42,1011.3,,22-01-2021
-16.9,-21,-12.8,0,290,325,9.3,,1027,,23-01-2021
-13.2,-15.8,-10.6,1.4,290,121,9.5,,1025.7,,24-01-2021
-8.9,-13.6,-4.2,0.8,330,324,8.2,,1019.8,,25-01-2021
-11.7,-14.7,-8.6,0,330,22,21.9,41,1019.5,,26-01-2021
-15,-20.5,-9.4,0,330,348,13,,1026.7,,27-01-2021
-18.8,-22.3,-15.3,0,330,320,13.2,32,1032.1,,28-01-2021
-16.1,-20.4,-11.7,0,300,325,12.7,,1029.6,,29-01-2021
-17.1,-23.3,-10.8,0,300,22,9.6,,1030.6,,30-01-2021
-17.5,-22.8,-12.1,0,300,37,19.5,33,1029.7,,31-01-2021
-13.5,-20.4,-6.5,0,300,35,19.4,37,1026.4,,01-02-2021
-8.9,-14.6,-3.2,0,300,11,24.1,42,1021.8,,02-02-2021
-7.3,-14.2,-0.4,0,300,348,18,41,1017.1,,03-02-2021
-5.9,-13.1,1.3,0,280,143,14,41,1011.3,,04-02-2021
-4,-9.2,-0.3,5.6,340,178,28.6,72,991.6,,05-02-2021
-11.2,-13.2,-9.3,0.4,380,232,20.6,58,1006.3,,06-02-2021
-14.6,-18.6,-10.6,0,380,246,12.3,33,1014.9,,07-02-2021
-15.9,-21.1,-10.6,0,380,224,11.8,37,1024.8,,08-02-2021
-14.6,-18.9,-10.2,0,380,222,11.1,37,1025.1,,09-02-2021
-17.9,-25.2,-10.5,0,380,238,8.7,,1027.5,,10-02-2021
-20,-24.5,-15.5,0,390,33,16.5,37,1034.1,,11-02-2021
-20.8,-25.4,-16.1,0,390,32,11.9,,1035.8,,12-02-2021
-20.8,-26.9,-15.8,0.2,390,35,16.1,,1033.8,,13-02-2021
-16.2,-22.7,-11.2,0.2,400,340,8.4,,1028,,14-02-2021
-15.4,-17.9,-12.2,0,400,330,15,39,1028.3,,15-02-2021
-16,-19.8,-12.1,3.4,410,359,22,45,1018.8,,16-02-2021
-15,-24.1,-5.8,0,280,258,11.3,33,1027.9,,17-02-2021
-12.1,-18.6,-5.8,0,280,9,8.8,,1031.8,,18-02-2021
-10.6,-15.6,-5.6,0,400,37,8.3,,1024.2,,19-02-2021
-10.6,-17.1,-4,0,400,353,8.9,,1024.5,,20-02-2021
-8.7,-13.1,-4.3,0.6,400,196,16.2,42,1027.6,,21-02-2021
-4.2,-7,-1.4,4.4,320,159,16.9,39,1003.8,,22-02-2021
1.1,-1.9,4.1,6.6,390,249,18.1,45,998.3,,23-02-2021
-6.4,-11.6,-1.1,5.9,400,10,16,48,1009.8,,24-02-2021
-13.9,-19,-8.8,0,440,257,13.8,41,1024.2,,25-02-2021
-5.8,-13.3,1.7,0,440,195,21.2,71,1023.5,,26-02-2021
-2.5,-7,2,0.4,400,185,13.3,,1015.1,,27-02-2021
2.3,-2.5,7,3.3,380,165,20.9,72,1011.5,,28-02-2021
-9.7,-20.8,1.4,0,290,313,28.2,61,1013.2,,01-03-2021
-13,-23.4,-2.5,2,290,220,17.5,59,1019.7,,02-03-2021
-6.2,-10.5,-1.8,0,330,344,14.9,35,1012.8,,03-03-2021
-13.3,-17.9,-8.6,0,320,344,21.8,42,1025.2,,04-03-2021
-10.2,-16.5,-3.8,0,320,323,25.3,61,1020.1,,05-03-2021
-10.1,-14.7,-5.5,0,300,335,19.2,45,1023.9,,06-03-2021
-15.2,-22.4,-8,0,300,263,10.3,,1032.1,,07-03-2021
-4.7,-13.2,3.8,0.2,300,190,17.9,35,1023.3,,08-03-2021
2,-3.3,7.2,0,280,225,11.3,36,1026.8,,09-03-2021
3.4,-0.9,7.6,6.4,240,175,22.8,52,1017.8,,10-03-2021
4.3,-1.6,10.2,0,120,214,32.8,74,1005.8,,11-03-2021
-5.4,-12.2,1.4,0,30,290,24,64,1021.3,,12-03-2021
-6.3,-13.5,0.9,0,30,243,14.8,51,1024.8,,13-03-2021
-7.1,-12.2,-1.9,0,30,341,25.3,69,1028.2,,14-03-2021
-9.5,-15.7,-3.2,0,30,20,12.1,32,1034,,15-03-2021
-2.4,-9.2,4.5,0,30,206,9.1,,1021,,16-03-2021
-0.9,-4.8,3.1,0,30,223,10.5,31,1018,,17-03-2021
-4.2,-8,-0.3,0,20,8,23.3,54,1024,,18-03-2021
-2.9,-10.7,4.9,0,20,256,14.5,44,1032.1,,19-03-2021
3.7,-4.8,12.1,0,20,220,18.5,44,1030.7,,20-03-2021
4.9,-2.5,12.2,0,20,198,20.7,48,1028.6,,21-03-2021
7.7,0.6,14.8,0,,193,22.5,57,1020.2,,22-03-2021
9.6,3.6,15.6,0,,132,9.4,,1019.4,,23-03-2021
7.6,2.6,12.6,6.2,,111,17.7,45,1010.8,,24-03-2021
3.1,-1.1,7.2,0.4,,228,18,48,1010.1,,25-03-2021
-2.6,-4.3,-0.9,0,,10,24.8,56,1013.6,,26-03-2021
-0.6,-2.8,2.4,0,,199,9.1,,1018.8,,27-03-2021
-3,-6,0,26.6,30,22,22.3,69,1002.6,,28-03-2021
-5.2,-10.8,0.5,0,140,258,18.1,45,1018.7,,29-03-2021
4.9,-2.9,12.7,1.1,20,187,34.3,90,1008.5,,30-03-2021
-0.8,-6.4,4.8,0.5,0,289,17.4,43,1013.2,,31-03-2021
-6.2,-11.8,-0.5,0,,2,27,56,1027.1,,01-04-2021
-3.5,-11.8,4.9,0,,342,12,35,1030.2,,02-04-2021
1.6,-5.4,8.6,0,,204,16.6,53,1021.6,,03-04-2021
5.8,-2,13.6,0,,18,12.9,36,1021.5,,04-04-2021
6.6,-0.6,13.7,0,,70,12,,1021.5,,05-04-2021
6.3,1.9,10.7,0,,139,15.1,39,1016.8,,06-04-2021
12.4,4.8,20,0,,125,12.4,,1015.8,,07-04-2021
16.2,8.4,24,0,,136,15.8,35,1012.4,,08-04-2021
13.7,10.6,16.7,3.7,,128,17.8,37,1010,,09-04-2021
14.8,9.6,20,0,,181,15.2,36,1006.7,,10-04-2021
15,9.1,20.8,3.3,,85,18.5,46,1000.7,,11-04-2021
11,7.4,14.6,0.4,,87,16.6,40,1008.1,,12-04-2021
7.3,3.4,11.1,3.3,,160,16.4,32,1016,,13-04-2021
7.4,0.8,14,0,,159,13.6,38,1015.2,,14-04-2021
2.9,1,4.8,6.2,0,343,12.9,43,1010,,15-04-2021
2.6,0,5.1,2.5,10,0,21.3,47,1010.9,,16-04-2021
5.3,0,11.7,0,,356,13.9,49,1011.5,,17-04-2021
8.1,4.2,11.9,1.1,,9,9.3,41,1009.7,,18-04-2021
5.8,-1.1,12.7,0.4,,195,16.4,57,1005.9,,19-04-2021
-3.3,-7.2,0.7,0.2,,292,21,44,1011.5,,20-04-2021
-5,-10.1,0.1,0,,344,15.1,32,1016.5,,21-04-2021
0.8,-5.4,7,0,,294,14.9,43,1011.9,,22-04-2021
7.4,-2.6,17.3,0,,240,16.5,53,1010.3,,23-04-2021
10.2,4.3,16,0.2,,242,14.8,41,1010.1,,24-04-2021
-0.1,-6,5.8,2.4,,314,23.3,49,1012.2,,25-04-2021
0.1,-8.2,8.4,0,,7,10.1,35,1023,,26-04-2021
7.2,0.8,13.5,1.3,,103,13.4,33,1015.3,,27-04-2021
5.2,2.2,8.1,18.7,,30,16.1,41,1013.5,,28-04-2021
10.3,2.5,18,0.3,,3,10.8,36,1007.5,,29-04-2021
4,-2.5,10.4,1.4,,329,31,84,1007.8,,30-04-2021
1.4,-4.6,7.3,0.2,,203,19,55,1011.6,,01-05-2021
7.4,0.3,14.4,0,,26,12.4,46,1006.9,,02-05-2021
5.4,3.1,7.6,6.3,,61,19.4,36,1011.3,,03-05-2021
5.3,3.7,7,16,,55,15.4,41,1007.2,,04-05-2021
4.3,-0.6,9.2,0.5,,345,17.3,43,1012.1,,05-05-2021
4.5,-0.9,9.9,0.5,,279,9.3,42,1017.3,,06-05-2021
4.4,-1.3,10.1,0,,261,9.9,32,1014.2,,07-05-2021
5.3,-0.5,11,0,,350,12.5,33,1015.6,,08-05-2021
6.4,0,12.7,0,,286,11.4,44,1014.4,,09-05-2021
5.1,0.2,10,1.1,,344,14.8,39,1014.9,,10-05-2021
6,0.2,11.7,2.4,,327,18.1,63,1019,,11-05-2021
9.3,0.4,18.1,0,,330,13.6,45,1025.3,,12-05-2021
12.5,4.2,20.7,0,,301,10,32,1024.8,,13-05-2021
12.9,3.9,21.9,0,,248,13,39,1021.9,,14-05-2021
14.5,8.2,20.8,0.7,,260,12.9,59,1021.5,,15-05-2021
14.8,7,22.5,0,,230,13,43,1022,,16-05-2021
14,6.2,21.7,1.5,,203,16.2,49,1022.6,,17-05-2021
18.1,8.6,27.6,0,,241,11.5,41,1023.8,,18-05-2021
18.4,11.1,25.6,0,,208,14.3,44,1025.2,,19-05-2021
21.7,15,28.4,0,,201,17.6,43,1025.1,,20-05-2021
23.1,17,29.2,0,,212,17,49,1025.1,,21-05-2021
22.5,16.9,28,0.5,,239,13.3,37,1019.8,,22-05-2021
12.3,4.5,20.1,2.9,,25,22.2,54,1023,,23-05-2021
12.6,4.1,21.1,0,,164,16.8,45,1022.7,,24-05-2021
18.8,11.9,25.7,16.5,,208,20,45,1010.6,,25-05-2021
13.4,4.3,22.5,0,,246,23.2,53,1007,,26-05-2021
6,1.9,10.1,0,,18,18.9,43,1023.3,,27-05-2021
6.8,0.2,13.3,0,,42,18.3,42,1024.3,,28-05-2021
9.8,2.6,17,0,,34,15.4,35,1024.4,,29-05-2021
11.8,2.9,20.6,0,,165,11.9,39,1024.4,,30-05-2021
14.3,6.9,21.6,0,,238,14.9,45,1021.7,,31-05-2021
15.4,7.4,23.1,0,,244,12.8,37,1019.9,,01-06-2021
16.6,9,24.2,0,,217,14.9,46,1017.7,,02-06-2021
17.2,10.4,24,0,,216,17.5,52,1009.8,,03-06-2021
19.1,10.7,27.5,0,,234,14,45,1007.6,,04-06-2021
18.3,14.5,22.4,1.2,,222,13.7,32,1005.9,,05-06-2021
22.7,14,31.3,0,,198,17.1,50,1009.2,,06-06-2021
23.3,15.5,31,0,,215,20.5,51,1010.6,,07-06-2021
24.6,18.4,30.8,15.8,,249,9,73,1014.3,,08-06-2021
19.1,13.4,24.8,16.1,,40,19.6,39,1020.6,,09-06-2021
17.3,10.6,24,6.3,,81,15,37,1020,,10-06-2021
15.7,11.9,19.4,0.7,,56,13,34,1015.7,,11-06-2021
16.4,10.9,21.9,0,,46,11.5,,1013.1,,12-06-2021
19.6,13.2,25.9,11.6,,251,10.2,58,1009.4,,13-06-2021
17.2,12.7,21.6,4,,329,17.5,45,1009,,14-06-2021
14.3,8.7,19.3,0,,4,24.5,49,1015.5,,15-06-2021
13.8,3.6,21,0,,337,14.5,45,1017,,16-06-2021
15.2,5.8,24.6,0,,243,17,54,1012.2,,17-06-2021
19.6,14,25.1,0,,211,20.3,54,1003.1,,18-06-2021
17.6,11.3,23.9,0,,316,12.9,39,1004.5,,19-06-2021
17.3,10.7,23.8,0,,214,16.2,44,1005.3,,20-06-2021
12.6,4.5,20.6,17,,288,19,54,997.7,,21-06-2021
8,1.6,14.4,1.8,,263,9.3,32,1011.9,,22-06-2021
12.6,5.9,19.3,0,,215,17.6,50,1016.7,,23-06-2021
17.6,14.5,20.7,0.5,,198,28.6,55,1015.4,,24-06-2021
18.6,14.9,22.2,5,,187,17.6,41,1014.3,,25-06-2021
19.9,16.9,22.9,21.2,,189,11.4,33,1010.6,,26-06-2021
19.5,17.4,21.6,6.9,,40,12.3,45,1009.5,,27-06-2021
21.5,17.3,25.6,1.6,,48,10.3,32,1017.6,,28-06-2021
19.9,16.9,22.8,0.2,,218,12,,1019.2,,29-06-2021
19.7,13.6,25.7,9.9,,303,12.5,58,1013.9,,30-06-2021
13.8,12.1,15.5,1.2,,6,17.9,40,1015.9,,01-07-2021
17.5,11.6,23.4,0,,6,16,38,1014.8,,02-07-2021
20.6,14.5,26.7,0,,210,11.8,36,1009.4,,03-07-2021
19.8,12.7,26.9,0,,192,14.6,38,1011,,04-07-2021
21,16.6,25.4,0.8,,205,16.5,42,1009,,05-07-2021
19.6,13.2,26,3,,312,16.8,46,1011.4,,06-07-2021
14.9,11.7,18.1,0,,42,18.2,36,1018,,07-07-2021
13.3,10.5,16.1,0,,64,19,40,1015.5,,08-07-2021
17.3,10.3,24.2,0,,29,11.2,37,1014.7,,09-07-2021
18.5,10,26.9,0,,214,11.5,49,1016.6,,10-07-2021
19.6,11.6,27.5,0,,323,8.4,,1017.1,,11-07-2021
21.8,15.3,28.3,0,,64,11,,1020.1,,12-07-2021
21.3,17.8,24.7,24.6,,146,11.6,40,1016.1,,13-07-2021
21.7,16.9,26.4,11,,249,12.4,42,1014.8,,14-07-2021
17.1,12.8,21.3,13.2,,177,16.4,44,1011.4,,15-07-2021
19.2,11.2,27.1,0,,273,9.2,,1016.7,,16-07-2021
21.6,14.1,29.1,0,,342,10.3,,1018.8,,17-07-2021
22.6,16.6,28.6,0,,347,9,32,1019.6,,18-07-2021
23.8,16.8,30.8,0,,295,9.5,61,1016.5,,19-07-2021
14.5,10,18.9,3.7,,28,20,49,1015.9,,20-07-2021
16.8,10.5,23,0,,1,13.4,39,1019.4,,21-07-2021
17.5,10.9,24.1,0,,295,9.9,35,1021.1,,22-07-2021
18.9,11.2,26.6,0,,229,10.3,36,1020.4,,23-07-2021
16.7,14.6,18.7,33.6,,169,18,46,1010.6,,24-07-2021
20.7,15.3,26.1,0,,258,11.4,37,1007,,25-07-2021
19.4,13.4,25.4,4,,330,11.4,33,1011.8,,26-07-2021
18.7,14.5,22.8,0,,60,11.7,,1014.5,,27-07-2021
18.1,12.3,23.9,1.8,,138,12,,1017.1,,28-07-2021
18.4,11.7,25.1,3,,333,12.3,46,1010,,29-07-2021
14.2,9.5,18.9,0,,336,16.8,43,1017,,30-07-2021
14.5,12.1,16.9,4.1,,225,7,,1013.9,,31-07-2021
15.5,9,21.9,0.2,,8,13.4,44,1013.2,,01-08-2021
16,7.8,24.1,0,,283,13.3,38,1016.6,,02-08-2021
19.4,13.7,25.1,6.1,,251,11.4,41,1015.6,,03-08-2021
19.9,13.3,26.4,0,,182,9.9,32,1018.1,,04-08-2021
21.3,15.4,27.1,0,,203,14.6,35,1017.2,,05-08-2021
20.1,16.4,23.7,1.4,,200,16.3,50,1014.6,,06-08-2021
16.3,13.9,18.6,0,,28,14.3,33,1016.3,,07-08-2021
17.9,14.5,21.3,7.9,,114,13.3,33,1015.5,,08-08-2021
23.7,18.8,28.6,7.7,,181,17.8,45,1013.9,,09-08-2021
22.5,20.1,24.8,29.7,,167,15,32,1011.2,,10-08-2021
23.6,18.7,28.4,9.5,,193,18.6,55,1007.1,,11-08-2021
23,18.5,27.4,1.6,,223,17.8,53,1007.1,,12-08-2021
18.9,13.2,24.6,0,,256,12.8,53,1013.2,,13-08-2021
14.7,8.9,20.4,0,,291,10.8,36,1021.3,,14-08-2021
16.9,9.6,24.2,0,,221,16.1,45,1023.3,,15-08-2021
20.9,14.6,27.1,0,,206,14.9,41,1020.1,,16-08-2021
21.2,15.6,26.7,0,,191,11.7,32,1017.9,,17-08-2021
19.6,11.5,27.7,0,,228,8.1,,1019.2,,18-08-2021
22.9,16.1,29.6,0,,287,9.4,,1016.7,,19-08-2021
24.6,18.2,30.9,0,,278,8.3,58,1013.6,,20-08-2021
24.3,18.7,29.9,0,,211,11.7,37,1011.9,,21-08-2021
22.2,17.8,26.6,0,,353,10.5,46,1013.2,,22-08-2021
20.9,14.4,27.4,0,,287,12.6,39,1012.1,,23-08-2021
22.4,14.9,29.8,0,,239,11.6,36,1012.7,,24-08-2021
24.5,19,29.9,0,,212,13.3,41,1014.7,,25-08-2021
20,13.7,26.2,0,,346,12.4,47,1019.3,,26-08-2021
14.1,12.2,15.9,3.8,,61,20.1,46,1025.4,,27-08-2021
16.9,12.8,20.9,3,,127,15.6,38,1020.5,,28-08-2021
22.1,16.5,27.6,15,,199,18.5,81,1012.5,,29-08-2021
19.1,13.1,25.1,0,,264,14.4,40,1007.8,,30-08-2021
16.4,9.8,22.9,0,,320,11,35,1010.8,,31-08-2021
15.2,7.5,21.7,0,,357,12.9,32,1015,,01-09-2021
11.4,4.3,18.4,0,,355,15.3,43,1019.6,,02-09-2021
15.2,9.9,20.4,0,,11,6.9,36,1021.1,,03-09-2021
14.7,9.8,19.3,8.6,,189,12.6,53,1014.2,,04-09-2021
16.3,10.8,21.8,0.5,,250,15.5,37,1003.2,,05-09-2021
14.1,8.3,19.8,0,,291,12.6,36,1007.5,,06-09-2021
13.5,7.8,19.1,1.2,,178,14.5,59,1007.6,,07-09-2021
15.5,12,19,11.1,,232,16.8,52,999.9,,08-09-2021
14.3,8.6,19.9,0,,331,13.8,37,1009.6,,09-09-2021
14.1,7.6,20.6,0,,292,9.6,57,1015.3,,10-09-2021
17.3,11.2,23.4,31.4,,214,17,67,1009.6,,11-09-2021
13.7,8.5,18.8,0,,267,11,34,1013.3,,12-09-2021
13.2,8.9,17.4,0,,16,10.8,,1019,,13-09-2021
14.2,8.4,19.9,11.2,,145,19.3,55,1009.6,,14-09-2021
14.2,7.3,21,0,,259,11.4,32,1011.8,,15-09-2021
14.6,7.4,21.8,0,,223,15.2,44,1021,,16-09-2021
18.4,11.8,25,0,,197,23,56,1017,,17-09-2021
12.7,6.4,18.9,0,,10,8.9,,1022.8,,18-09-2021
13.5,6.3,20.7,0,,186,14,40,1023.1,,19-09-2021
17.3,10.1,24.4,0,,164,18.6,37,1019.4,,20-09-2021
14,8.6,19.4,21.4,,201,27,65,1013.8,,21-09-2021
8.1,7,9.2,1.7,,21,30.7,66,1020.4,,22-09-2021
8,6.4,9.6,9,,35,31.8,77,1012.1,,23-09-2021
11,8.7,13.3,5.1,,185,16.6,48,1008.1,,24-09-2021
10.5,8.2,13.1,10.2,,189,16.3,49,1009.4,,25-09-2021
10.3,6.5,14.9,0.2,,226,13.2,38,1009.1,,26-09-2021
9.7,3,16.4,0.3,,354,13.8,33,1009,,27-09-2021
9.5,1.4,17.6,0,,309,11.9,44,1015.5,,28-09-2021
9.9,4.4,15.4,0,,5,13.3,40,1019.9,,29-09-2021
8.4,5.7,11.1,0,,31,8.8,,1024.9,,30-09-2021
11.2,5.8,16.4,0,,219,13.6,35,1022.5,,01-10-2021
14.9,13.1,16.7,19.3,,248,9.4,,1014.5,,02-10-2021
12.9,12,13.7,1.2,,61,17.3,,1013.8,,03-10-2021
14.5,10.4,18.6,0,,69,13.8,31,1017.5,,04-10-2021
13.3,7.1,19.4,0,,49,9.8,,1025.3,,05-10-2021
13.7,7.8,19.6,0,,160,8.3,,1028.3,,06-10-2021
14.3,7.8,20.7,0,,255,5.8,,1024.7,,07-10-2021
15.2,8.7,21.6,0,,108,10.7,,1020.6,,08-10-2021
14.9,13.3,16.5,28.9,,142,11.4,,1016.8,,09-10-2021
16.6,15.8,17.4,3.4,,173,16.5,42,1014,,10-10-2021
18.3,15.1,21.5,0,,171,23.3,53,1010.7,,11-10-2021
18.1,15.5,20.6,17.6,,160,15.9,49,1011.7,,12-10-2021
16.7,13.2,20.1,0.9,,227,9.5,,1012.3,,13-10-2021
15.2,13.3,18.9,10.7,,171,14.1,37,1012.1,,14-10-2021
14,9.5,18.5,1.7,,250,8.3,,1009.6,,15-10-2021
9.8,6.5,12.7,0.8,,311,13.3,32,1005.2,,16-10-2021
8.4,4.5,12.2,0,,300,16.7,51,1009.1,,17-10-2021
6.4,1.9,11.4,0,,312,14.1,33,1015.5,,18-10-2021
12.4,1.7,23,0,,251,13.1,36,1013.4,,19-10-2021
8.4,4.8,11.9,0,,342,12.6,,1015.4,,20-10-2021
1.9,-1.1,4.9,12.3,0,18,21,48,1011.5,,21-10-2021
2.1,-1,5.1,0,,327,12.1,41,1016.1,,22-10-2021
5.1,0.6,9.6,0,,205,10,,1015,,23-10-2021
4.4,1.8,7,1.1,,137,9.5,32,1017.4,,24-10-2021
5.2,2.6,7.7,0.6,,36,27.3,60,1019.3,,25-10-2021
3.9,1.8,5.9,0,,17,28.6,52,1017.3,,26-10-2021
8.1,4.4,11.8,0,,37,19.7,64,1018.8,,27-10-2021
7.4,2.2,12.6,0,,74,15.7,39,1015.9,,28-10-2021
7.7,1,14.4,0,,76,14.8,,1011.4,,29-10-2021
7.4,4.5,10.3,0.4,,50,17.2,34,1007.3,,30-10-2021
7.2,1.3,13,1.2,,312,10.1,50,1002.7,,31-10-2021
2.8,-2.1,7.6,0,,251,19.8,46,1012.9,,01-11-2021
0.5,-4.2,5.1,0,,308,9.1,,1019.2,,02-11-2021
-3.3,-7.2,0.6,0,,338,8.1,,1026.3,,03-11-2021
-1.1,-6.7,4.5,0,,189,11.8,32,1026.1,,04-11-2021
3.2,-2.4,8.7,0,,212,19.6,45,1025,,05-11-2021
6.2,3.2,9.2,0,,200,26,54,1020.6,,06-11-2021
8.6,4.6,12.5,1.6,,222,14.8,39,1016.5,,07-11-2021
9.4,3.8,15,0,,198,18.8,37,1016.4,,08-11-2021
4.6,-0.4,9.6,0,,263,11.8,,1020.4,,09-11-2021
3.6,-1.8,8.9,0,,270,13.9,37,1021.6,,10-11-2021
2.2,-2.3,6.6,1.4,,100,24.6,50,1017.3,,11-11-2021
5.6,1.7,9.4,9.8,,185,23.7,78,1005.2,,12-11-2021
1.2,-2.9,5.2,1.3,,228,14.3,37,1003.2,,13-11-2021
-1.7,-4,0.6,0,,203,10.9,,1006.8,,14-11-2021
-0.6,-4,2.9,0,0,317,11.7,35,1011.8,,15-11-2021
-3.7,-6,-1.4,0,0,351,12.9,33,1020.2,,16-11-2021
-1.6,-4.8,1.7,1.6,0,135,18.4,161,1012.4,,17-11-2021
1.1,-1.7,3.8,0,,249,17.2,114,1009,,18-11-2021
-1.3,-3.1,1.6,0,0,281,16.5,44,1024,,19-11-2021
0.2,-3,3.3,0.9,,187,17.6,50,1022.9,,20-11-2021
0.6,-2.3,3.5,9.3,,186,17.5,65,1012.5,,21-11-2021
-5.3,-8.2,-2.4,0,0,276,18.2,55,1010.2,,22-11-2021
-5,-8,-2,0,,273,12.6,,1019.9,,23-11-2021
0.4,-3.9,4.7,0,,170,22.9,46,1016.1,,24-11-2021
-2.2,-8.3,4,14.6,60,31,15.9,50,1012,,25-11-2021
-12.5,-17,-7.9,3,80,347,21.8,53,1014.9,,26-11-2021
-14.6,-20.1,-9.1,0,40,15,6.8,,1017,,27-11-2021
-10.4,-15.3,-6.4,0,60,49,4.1,,1012.5,,28-11-2021
-5.3,-7.3,-3.3,0.2,60,258,6.3,,1015.5,,29-11-2021
-3.9,-6.9,-0.8,1.8,60,173,13.4,48,1009.4,,30-11-2021
-5.6,-10.2,0.2,1.2,90,193,16,56,1013.6,,01-12-2021
-0.5,-7,3.4,4.4,50,271,27.5,70,998.3,,02-12-2021
-12.1,-16.3,-7.8,0.4,50,285,10.3,,1019.1,,03-12-2021
-6.4,-11.2,-1.5,2.6,80,267,13.1,40,1015.5,,04-12-2021
-9.6,-13.4,-5.8,1.3,70,85,13.1,48,1023.3,,05-12-2021
-8,-15.3,-0.7,2.3,140,270,21.6,57,1000,,06-12-2021
-17.7,-22.2,-13.2,0,160,270,12.3,32,1021.4,,07-12-2021
-11.7,-16.9,-6.5,3.4,160,72,12.4,,1015.8,,08-12-2021
-14.1,-20.6,-7.6,2,220,95,15.1,48,1020.8,,09-12-2021
-3.7,-7.7,0.3,1.2,260,170,13.9,41,1013.4,,10-12-2021
1.3,-4.3,6.9,16.1,230,116,27.3,68,991.8,,11-12-2021
-0.5,-4.1,3.2,0,180,229,26.3,58,1008.3,,12-12-2021
2.5,-0.9,5.8,0,160,242,18.5,49,1015.2,,13-12-2021
-2.8,-5.4,-0.2,0,160,53,11.3,,1035.5,,14-12-2021
-0.2,-4.2,3.8,3.2,160,145,21.6,40,1020.6,,15-12-2021
4.2,-1.2,9.6,1.6,40,204,34,89,997.6,,16-12-2021
-4.9,-8.5,-1.2,0,40,279,20.5,65,1018,,17-12-2021
-11.3,-14.7,-7.9,1.2,40,42,15.8,,1024.1,,18-12-2021
-13.3,-16,-11,0,10,26,11.2,32,1027.9,,19-12-2021
-5,-10.2,0.3,0.6,0,216,26.4,56,1013.8,,20-12-2021
-9.7,-13.5,-5.8,6.8,10,69,15.7,37,1013.8,,21-12-2021
-13.7,-21.9,-5.5,1,130,307,15.2,42,1007.6,,22-12-2021
-15.3,-23.1,-7.5,0.8,110,136,12.8,,1019.8,,23-12-2021
-4.7,-7.5,-1.9,1.4,110,129,21.6,44,1011.8,,24-12-2021
-0.7,-3.6,2.3,2.3,80,354,11,32,1002.3,,25-12-2021
-7.8,-15,-2.7,0,40,0,12.8,48,1020.5,,26-12-2021
-13.5,-17.2,-9.7,3.5,50,67,20.3,49,1017.8,,27-12-2021
-7.5,-10.2,-4.7,1.6,100,2,11.2,35,1009.1,,28-12-2021
-6.7,-11.4,-1.9,0.6,70,102,14.3,,1012.1,,29-12-2021
-7.1,-9.9,-4.2,0,90,12,7.5,,1015.1,,30-12-2021
-4.6,-9.3,0.2,0,90,188,13.7,32,1009.8,,31-12-2021
-9.9,-16.9,-2.8,0,80,8,17.5,48,1014.5,,01-01-2022
-17.9,-20.9,-14.8,0,80,6,12.9,36,1022,,02-01-2022
-14,-22.2,-5.8,0.9,80,171,13.7,31,1025.2,,03-01-2022
-4.9,-6.3,-3.4,0,90,190,12,,1017.2,,04-01-2022
-8.7,-14,-3.5,7,90,40,29.7,65,1002.1,,05-01-2022
-18.1,-20.5,-15.6,1.8,180,7,23.5,53,1015,,06-01-2022
-20.6,-24.2,-16.9,0.2,200,342,15.6,48,1023.4,,07-01-2022
-13.9,-24.8,-2.9,1.4,120,169,21.8,62,1026.5,,08-01-2022
-9.4,-16.7,-2,1.1,110,248,23,58,1011.1,,09-01-2022
-23.8,-31.5,-16.1,0,110,312,15.2,46,1025.7,,10-01-2022
-21.8,-32.8,-10.8,4.8,110,188,17.6,44,1028.6,,11-01-2022
-10.6,-16.7,-3.5,0,120,338,17.1,37,1013,,12-01-2022
-15.1,-19.2,-11.2,1.6,130,0,10.8,60,1017.4,,13-01-2022
-25.4,-29.5,-19.1,0,140,18,24,54,1034.3,,14-01-2022
-26.2,-31.1,-21.2,0,140,345,12,41,1038.3,,15-01-2022
-17,-25.6,-8.3,0,120,170,18,39,1019.7,,16-01-2022
-12.4,-17.9,-6.9,0,120,11,21,52,1004.1,,17-01-2022
-19.9,-25.5,-14.2,4.8,120,22,12.7,45,1016.1,,18-01-2022
-13.9,-24.2,-3.5,5.5,230,282,22.6,55,1007.5,,19-01-2022
-24.9,-29.4,-20.3,0,240,298,12.1,46,1034.2,,20-01-2022
-19.5,-29.1,-9.9,0.6,230,194,14.9,36,1036.7,,21-01-2022
-12.1,-18.8,-5.4,3.6,230,213,29.8,58,1015,,22-01-2022
-22.7,-28.1,-17.2,0,300,269,11.8,45,1014.7,,23-01-2022
-15.8,-21.1,-10.4,1.8,300,155,11.1,46,1007.8,,24-01-2022
-23.5,-28.9,-18.1,0,310,316,11.6,45,1021.3,,25-01-2022
-21.5,-34.8,-8.2,0.2,300,134,16.6,67,1028.2,,26-01-2022
-13.3,-21.4,-5.2,6,300,240,30.4,73,1014.3,,27-01-2022
-23,-28.3,-17.6,0,200,247,9,35,1029.9,,28-01-2022
-20.5,-29.1,-11.9,0,170,174,8.6,,1024.7,,29-01-2022
-14,-19.2,-8.8,0,170,263,10,43,1016.6,,30-01-2022
-11.3,-15.2,-7.3,0,180,110,9.8,,1024.5,,31-01-2022
-3.9,-9.7,1.1,1.2,190,170,31.3,74,1016.8,,01-02-2022
-5.6,-12.8,1.7,0,250,286,16.3,49,1020.1,,02-02-2022
-18.9,-24.9,-12.8,0,240,6,14.4,45,1035.2,,03-02-2022
-21.5,-27.3,-15.7,0,180,27,17.3,34,1031.6,,04-02-2022
-21.2,-29.3,-13,0.2,180,240,11.2,37,1031.3,,05-02-2022
-9.5,-14.5,-4.4,8.2,230,170,19.6,41,1021,,06-02-2022
-4.5,-5.3,-3.6,7.2,360,89,12.1,,1017.3,,07-02-2022
-6.5,-10.3,-4.5,0.2,340,269,10.3,32,1014.1,,08-02-2022
-3.7,-7.6,0.2,0,340,166,22.4,42,1003.6,,09-02-2022
-3.6,-7.1,-0.1,0.8,340,254,15.8,36,1004.1,,10-02-2022
-7.6,-15.5,0.4,10.6,340,173,21.1,69,1000,,11-02-2022
-22,-28.5,-15.5,1.4,480,5,22.3,63,1023.2,,12-02-2022
-24.1,-30.4,-17.8,0,440,28,12.6,,1030.7,,13-02-2022
-21.5,-30.4,-12.6,0,440,249,11.6,35,1027.3,,14-02-2022
-16.1,-21.1,-11.1,0,310,224,9.5,37,1033.6,,15-02-2022
-3.5,-11.2,4.3,6.5,310,182,25,54,1011.9,,16-02-2022
-7.4,-15.8,1.1,0,230,347,22.1,46,1012.9,,17-02-2022
-19.2,-25.1,-13.3,2.6,220,37,17.8,44,1016.4,,18-02-2022
-14.8,-18,-11.6,0.2,260,287,23,72,1012,,19-02-2022
-8.2,-15.9,-0.4,2.4,280,210,27.4,76,1010.4,,20-02-2022
-13.1,-18.5,-7.7,2.8,290,27,27.3,50,1029,,21-02-2022
-16.3,-17.2,-15.3,19.1,320,33,33.8,60,1019.7,,22-02-2022
-16.4,-21,-11.8,0.6,500,340,17.8,45,1025.6,,23-02-2022
-20.4,-28.2,-12.6,0,450,6,6.6,31,1037.7,,24-02-2022
-13.6,-18.3,-8.8,0,450,57,14.2,32,1029.5,,25-02-2022
-12.1,-19.1,-5.1,0,450,227,26,68,1021.6,,26-02-2022
-10,-17.9,-4.5,0,450,307,21,52,1015.6,,27-02-2022
-17.2,-26.1,-10.6,0,450,206,10.1,33,1027.3,,28-02-2022
-9,-13.9,-4.1,2,470,73,10.3,47,1014.8,,01-03-2022
-10.8,-16.4,-5.2,2.2,480,279,13.3,46,1016.3,,02-03-2022
-16.7,-24,-9.3,0,340,282,12.2,44,1027.8,,03-03-2022
-10.8,-19.4,-2.2,0,340,245,12.4,33,1028.2,,04-03-2022
-8.6,-15.9,-1.2,7.1,340,98,14.1,39,1024.3,,05-03-2022
-0.3,-2.5,3,18,430,184,17.6,176,1003.1,,06-03-2022
-6.8,-9.7,-3.8,3,270,348,14.2,38,1010.9,,07-03-2022
-7.6,-14.2,-1,0,290,228,18,50,1018.2,,08-03-2022
-3.9,-8.8,1,0.8,290,204,23.3,50,1011.9,,09-03-2022
-8.6,-13.3,-3.9,0,280,244,14.8,49,1019.8,,10-03-2022
-10.4,-17,-3.7,0,280,189,12,31,1015.2,,11-03-2022
-13.7,-17.8,-9.5,0,280,289,17.4,50,1008.9,,12-03-2022
-11.5,-18.6,-4.3,0.8,280,214,15.8,42,1012.3,,13-03-2022
-6.2,-10.9,-1.4,0,290,241,14.9,36,1021.4,,14-03-2022
-4.6,-11.9,2.8,0,400,245,13.4,34,1023.9,,15-03-2022
-0.3,-3.4,2.9,0,350,190,18.6,37,1018,,16-03-2022
6.9,1.2,12.5,0,380,204,13,44,1009.9,,17-03-2022
2.5,0.7,4.3,0,100,27,19.3,35,1017.8,,18-03-2022
1.2,0.2,2.2,8.8,80,34,20.8,46,1007.8,,19-03-2022
2.9,-1.2,7,0.2,80,311,17,45,1011.7,,20-03-2022
0.1,-3.2,3.4,0,50,335,16.2,41,1022.4,,21-03-2022
-2.8,-8.6,3,0,40,29,13,,1028.4,,22-03-2022
-0.2,-2.3,2.8,4.3,30,86,23.5,55,1019.8,,23-03-2022
0,-1.6,1.6,13.2,110,43,14.3,35,1004.5,,24-03-2022
0.6,-1.3,2.5,1.2,110,239,11,45,998.8,,25-03-2022
-1.8,-8.4,1,0,90,323,19.9,64,997.9,,26-03-2022
-13.1,-16.9,-9.2,0,90,332,24,71,1012.5,,27-03-2022
-11.7,-17.7,-5.6,0,190,322,17.8,45,1020.3,,28-03-2022
-8.5,-16.9,0,0,180,261,11,32,1025,,29-03-2022
-5.6,-10.2,-1,12.6,100,145,19.5,52,1013.9,,30-03-2022
1.7,-4,7.4,12.3,0,156,24,74,989.4,,31-03-2022
-3.5,-5.7,-0.8,0.3,100,327,20.4,43,1007.8,,01-04-2022
-2.4,-7.7,2.9,0.3,100,248,11,33,1018,,02-04-2022
-0.1,-2.8,2.8,0,70,2,8,44,1015.5,,03-04-2022
0.2,-5.1,5.5,0,50,189,8.2,36,1017,,04-04-2022
2.1,-4,6.6,0,50,109,12.5,38,1014.6,,05-04-2022
6.5,1.8,11.2,11.8,40,95,25.3,51,1007.9,,06-04-2022
3.6,0.8,6.3,1.4,130,166,12.7,35,1001.4,,07-04-2022
2.7,-1.2,6.6,0.2,40,217,10.7,40,1000.9,,08-04-2022
-0.1,-2.2,2.1,0.2,0,278,9.9,47,1003.4,,09-04-2022
3,-2.7,8.6,0,0,323,14.8,48,1012.1,,10-04-2022
3.9,-2.5,10.3,0,0,181,22.3,60,1011,,11-04-2022
6.8,-0.7,13.4,0,0,248,17.5,49,1015.2,,12-04-2022
3.7,2.1,7.8,6.3,,60,20.9,48,1011.2,,13-04-2022
4.3,-0.9,9.4,7.7,,190,28,71,1001.4,,14-04-2022
-0.2,-3.6,2.3,0.8,10,218,23.5,60,1006.6,,15-04-2022
-2.3,-6.6,2,0.2,0,261,15,48,1013.6,,16-04-2022
-0.4,-6.1,5.3,0,0,16,11.5,45,1025.4,,17-04-2022
1.7,-3.3,6.7,3.1,20,112,15.8,42,1022.2,,18-04-2022
0.6,-1.5,2.6,6,80,0,23.5,66,1009.6,,19-04-2022
2.1,-3.6,7.8,0,80,297,18.2,46,1024.7,,20-04-2022
5.7,1.2,10.2,7.5,,215,24,48,1015.6,,21-04-2022
4.1,0.1,9.1,0,,1,13.3,35,1031.7,,22-04-2022
2.6,0.7,4.5,6,,94,19.6,44,1027.2,,23-04-2022
11.7,3.7,19.7,13.1,,147,22.8,53,1014.1,,24-04-2022
9.8,5.7,13.9,0,,217,21.7,47,1010.7,,25-04-2022
0.6,-4.5,5.7,2.9,0,335,11,56,1016.9,,26-04-2022
-1.7,-7.8,4.4,0,,357,20.3,46,1022.9,,27-04-2022
1.5,-6.2,9.2,0,,6,11.9,40,1027.2,,28-04-2022
5.3,-3.3,13.9,0,,9,8.8,,1026.1,,29-04-2022
7.5,-1.4,16.4,0,,47,13.1,32,1023.7,,30-04-2022
11.4,5.6,17.1,1.6,,118,20.1,47,1015.1,,01-05-2022
9.1,7.2,11,0.2,,171,14.5,32,1012.9,,02-05-2022
6.8,4.3,9.3,0,,222,9.7,39,1017,,03-05-2022
7.9,0.9,14.9,0,,13,21.3,50,1021.4,,04-05-2022
9.3,0.3,18.3,0,,146,14.9,45,1021,,05-05-2022
8.3,2,14.6,0,,38,20.8,45,1018.4,,06-05-2022
7.9,0.4,15.3,0,,37,15.5,49,1019.7,,07-05-2022
11.8,4.5,19.6,0,,157,14.8,37,1021.3,,08-05-2022
12.9,3,22.7,0,,163,17,47,1023.1,,09-05-2022
17.4,10.2,24.8,0,,181,24.4,60,1023,,10-05-2022
19.1,12.2,26,0,,108,10.4,51,1024.1,,11-05-2022
22.3,16,28.5,0,,178,18.5,53,1021.4,,12-05-2022
21.3,12.9,29.6,0,,200,17.4,48,1017.4,,13-05-2022
21.4,13.7,29,0,,191,15.8,47,1012.4,,14-05-2022
19.7,11.2,28.1,0,,249,16.4,53,1007.1,,15-05-2022
13.5,8.4,18.6,5.8,,286,12.5,58,1005.4,,16-05-2022
8.6,3.8,13.4,0,,327,20.8,46,1010.5,,17-05-2022
9.4,1.1,17.6,0,,238,16,48,1013.2,,18-05-2022
9.3,5.7,12.9,0.6,,185,16,33,1004.4,,19-05-2022
16.9,10,23.8,15.1,,179,25.8,67,999.3,,20-05-2022
15,9.3,20.7,0,,263,13,57,1009.7,,21-05-2022
9.5,4.8,14.1,4.3,,0,12.5,45,1019,,22-05-2022
7.1,1.3,12.9,0,,296,7.5,45,1027.4,,23-05-2022
10.5,2.9,18.1,0,,228,11.3,37,1026.5,,24-05-2022
11.8,5.4,18.2,6.4,,152,9.4,36,1025.2,,25-05-2022
14.8,10.3,19.3,11.9,,171,19.1,43,1009.7,,26-05-2022
13.4,8.9,17.8,0.2,,321,13.9,46,1005.9,,27-05-2022
14.3,7.1,21.4,0,,303,11.3,46,1010.3,,28-05-2022
15.8,8.5,23.1,0,,212,12.8,42,1014.4,,29-05-2022
19.4,14.1,24.7,0,,185,18.6,46,1012,,30-05-2022
21.5,13.8,29.2,3.8,,189,17,50,1011.4,,31-05-2022
17.9,11.8,24,0.3,,250,14.8,56,1007.6,,01-06-2022
15.4,10.2,20.5,0,,332,11,46,1009,,02-06-2022
13.9,7.9,19.8,0,,226,14.9,42,1007.7,,03-06-2022
11.6,5.9,16,0.5,,291,16.9,52,1011.5,,04-06-2022
13.8,5.3,22.2,0,,248,11.6,38,1012.8,,05-06-2022
11.5,8.5,13,9.4,,143,17.5,41,1012.6,,06-06-2022
12.7,10.1,15.3,4.1,,310,13.7,60,1005.4,,07-06-2022
15.4,8.1,22.6,0,,260,11.2,50,1010.2,,08-06-2022
15,10.6,19.4,17,,295,9,50,1007.3,,09-06-2022
15.7,9.6,21.7,0.3,,266,12.8,55,1008.1,,10-06-2022
15.5,7.8,23.2,3.7,,216,14,49,1008.1,,11-06-2022
13.4,8.7,18,5.2,,291,12,54,1009.1,,12-06-2022
14.3,6.7,21.8,0,,304,9,45,1014.5,,13-06-2022
18.3,9.5,27.1,0,,259,8,31,1015.3,,14-06-2022
18.9,14.5,23.2,22.4,,156,17.1,60,1013.3,,15-06-2022
20.8,14.5,27,0,,216,23.1,60,1004.9,,16-06-2022
14.2,7.9,20.4,0,,280,25.3,75,1004.8,,17-06-2022
12.5,5.2,19.8,0,,351,25.6,61,1018.9,,18-06-2022
11.7,3.1,20.2,0,,328,11.7,40,1023.1,,19-06-2022
14.4,11.1,17.6,0,,200,14.2,36,1019.4,,20-06-2022
20.3,13,27.5,0,,205,16.8,38,1011.4,,21-06-2022
22.6,16.3,28.8,0,,258,15.4,55,1008.7,,22-06-2022
18.2,9.9,26.4,0,,313,11.4,49,1013.4,,23-06-2022
19.7,12.1,27.3,0,,211,15.1,37,1014.6,,24-06-2022
22.1,13.4,30.8,0,,184,13.4,41,1016,,25-06-2022
18.5,12.3,24.7,0,,216,20.4,61,1009.9,,26-06-2022
12.7,8.1,17.3,0,,278,15.3,42,1014,,27-06-2022
14.3,6.3,22.3,6.9,,223,21.4,56,1018.5,,28-06-2022
16.1,11.2,20.9,0,,320,9.6,,1020.2,,29-06-2022
16.5,10.6,22.3,2.5,,192,18.7,52,1016.1,,30-06-2022
18.6,10.8,26.3,2.7,,248,17.5,50,1007.8,,01-07-2022
16.6,9.7,23.5,0,,263,16.5,59,1010.4,,02-07-2022
16.6,8.5,24.6,0,,280,11.4,44,1017.8,,03-07-2022
16.8,9.1,24.4,1.7,,251,11.9,32,1019,,04-07-2022
15.2,12.6,17.8,13.7,,72,10.3,32,1012.2,,05-07-2022
16,11.1,20.8,0,,30,14.8,36,1017,,06-07-2022
16.9,9.9,23.8,0,,208,14,40,1015.8,,07-07-2022
16.6,11,22.1,0,,12,18.4,39,1019.2,,08-07-2022
17.4,7.2,27.5,0,,274,9.3,33,1022,,09-07-2022
19.2,12.2,26.1,0,,252,14.6,49,1016.4,,10-07-2022
19.2,14,24.2,0.7,,211,17.8,45,1004,,11-07-2022
19.5,14.1,24.8,0,,330,15,40,1002.9,,12-07-2022
17.8,12.8,22.8,0,,20,13.3,36,1013.9,,13-07-2022
17.2,10.2,24.1,0,,20,11.7,31,1019.1,,14-07-2022
19.2,12.8,25.5,0,,202,11.8,36,1019.9,,15-07-2022
19.9,11.2,28.6,0,,229,10.4,37,1016.1,,16-07-2022
21.7,13.9,29.5,0,,217,10.5,35,1013.5,,17-07-2022
23.2,15.2,31.2,0,,261,9.8,50,1007.1,,18-07-2022
23.5,16.3,30.7,0,,261,11,42,1004.8,,19-07-2022
22.2,17.4,27,20.3,,189,21.8,55,999.1,,20-07-2022
21.4,16.2,26.5,1.1,,253,17.9,48,996.6,,21-07-2022
20.3,12.5,28,0,,238,17.6,53,1006.3,,22-07-2022
23.2,16,30.3,0,,247,13.3,48,1008.9,,23-07-2022
20.3,17.8,25,12.3,,219,13,44,1005.5,,24-07-2022
15.9,11,20.7,0,,271,15.1,44,1009,,25-07-2022
17.6,9.6,25.5,0,,242,14.5,36,1013.4,,26-07-2022
18.6,12.6,24.5,0.7,,204,14.8,44,1009.7,,27-07-2022
16.2,12.2,20.2,15.3,,229,11.8,46,1005.8,,28-07-2022
16.1,11.6,20.6,2.2,,262,14.7,58,1009.2,,29-07-2022
16.7,11.3,22,0,,266,12.9,37,1017.8,,30-07-2022
20,12.6,27.3,0,,219,15,39,1016.5,,31-07-2022
20.1,14.6,25.5,1.9,,204,17.9,61,1006.9,,01-08-2022
16.8,11.5,22.1,0,,357,15.8,45,1012.1,,02-08-2022
18.4,13.7,23.1,12.7,,188,23,49,1008.4,,03-08-2022
18.4,14.5,22.2,0,,351,12.8,,1013,,04-08-2022
19.2,13.3,25.3,0,,74,9.9,,1021.2,,05-08-2022
22.2,15.5,28.4,0,,206,17.7,49,1016.6,,06-08-2022
17.2,12.9,21.5,12.7,,24,18.8,50,1016.8,,07-08-2022
13.9,13,14.5,9.7,,31,18.1,40,1013.3,,08-08-2022
16.7,10.1,23.2,0,,343,11.4,,1016.7,,09-08-2022
19.6,12.2,26.9,0,,233,17.3,50,1015.4,,10-08-2022
15.8,8.5,23.1,0,,341,16.4,42,1017.8,,11-08-2022
15,6,24,0,,314,9.2,,1021.9,,12-08-2022
17.2,9.3,25.1,0,,243,9.3,36,1020.1,,13-08-2022
17.9,12,23.7,0,,252,7.6,,1017.9,,14-08-2022
18.6,11.1,26.1,0,,20,13.2,38,1018.7,,15-08-2022
19.9,13.4,26.3,0,,29,12.7,,1020.8,,16-08-2022
20.7,14,27.4,0.6,,40,9.1,,1019.3,,17-08-2022
20.9,13.9,27.8,0,,319,8.2,35,1013.4,,18-08-2022
21.3,14.8,27.8,0,,218,13.3,46,1013.7,,19-08-2022
22.4,16.8,27.9,0,,200,12.8,43,1016.2,,20-08-2022
20.1,16.1,24,2.3,,143,7.2,56,1015,,21-08-2022
20.8,15.2,26.3,0,,23,11.2,32,1013.9,,22-08-2022
20.6,13.4,27.7,0,,359,10.5,45,1012.1,,23-08-2022
18.3,15.5,21.3,0,,14,14.3,,1016.1,,24-08-2022
14.9,13.7,16,11.3,,63,9.1,,1018.6,,25-08-2022
15.7,11.2,20.1,0,,3,12.8,38,1015.6,,26-08-2022
17.6,10.9,24.2,0,,211,13.6,37,1018,,27-08-2022
19.3,13.5,25.1,0,,181,17.9,37,1015.8,,28-08-2022
22.3,18.5,26,9.6,,193,20.8,47,1007.1,,29-08-2022
19.9,12.8,22.9,4.4,,248,17.1,50,1003.3,,30-08-2022
13.6,7.5,19.6,0,,289,16.7,46,1006.2,,31-08-2022
13.1,5.4,20.8,0,,261,10.9,31,1014.7,,01-09-2022
20.3,13.6,27,0,,199,25.6,73,1015.4,,02-09-2022
16.1,10.7,21.5,3.4,,347,20.3,51,1019.5,,03-09-2022
13.3,8.2,18.4,0,,49,19,42,1025.4,,04-09-2022
14.6,7.5,21.7,0,,46,12.9,,1023,,05-09-2022
16.7,9,24.4,0,,42,11.4,,1021.8,,06-09-2022
18,7.8,26.3,0,,0,7.7,,1018.3,,07-09-2022
18.3,10.6,25.9,0,,30,11.2,31,1014.6,,08-09-2022
20.3,14.2,26.4,0,,198,19.2,46,1013.8,,09-09-2022
20.4,13.8,27,0,,189,15.3,41,1017.4,,10-09-2022
20.2,16.6,23.7,1.1,,110,11.1,36,1015.8,,11-09-2022
17.2,15.5,18.8,4.1,,40,14.1,,1010.9,,12-09-2022
17.2,13,21.4,0.2,,6,10.2,,1007.7,,13-09-2022
9.2,3.7,14.7,0,,350,18.8,45,1017.7,,14-09-2022
8.8,1.5,16.1,5.8,,295,8,50,1025.7,,15-09-2022
11.9,8.9,14.8,1.6,,79,15,33,1023.3,,16-09-2022
16.5,11.1,21.9,7.9,,155,17.1,42,1018.3,,17-09-2022
19.4,15.9,22.8,7.7,,238,9.5,34,1010.2,,18-09-2022
17.4,13.2,21.5,3.7,,293,12.5,42,1007.9,,19-09-2022
15.9,12,22,0,,277,10.5,,1013.2,,20-09-2022
15.6,8.9,22.3,2.8,,224,18.8,50,1004.6,,21-09-2022
7.6,3,12.2,0,,333,23.7,56,1012.4,,22-09-2022
8.2,0,16.4,0,,289,10.5,31,1020.9,,23-09-2022
9.6,3.6,15.1,0.8,,258,9.1,32,1015.3,,24-09-2022
10.3,8.7,11.8,6.5,,73,12.8,32,1003.1,,25-09-2022
12.2,10.3,14.1,6.5,,24,17.3,37,999.3,,26-09-2022
8.7,5.1,12.2,2,,352,21.6,43,1009.6,,27-09-2022
4.8,-1.2,10.8,0,,354,19.5,41,1026.8,,28-09-2022
6.4,-2.6,15.3,0,,250,10.9,,1031.8,,29-09-2022
10.6,2.9,18.3,0,,228,11.6,45,1026.6,,30-09-2022
7.9,3.3,12.4,0,,17,20,45,1026.4,,01-10-2022
6.7,1.4,12,0,,49,14.7,31,1032.1,,02-10-2022
8.5,-0.1,17,0,,222,11.5,32,1028.3,,03-10-2022
12.2,3.6,20.7,0,,226,11.6,,1021.5,,04-10-2022
15.1,8.1,22,0,,233,13.1,42,1015.8,,05-10-2022
8.5,1.6,15.3,11.5,,277,17.3,53,1012.6,,06-10-2022
1.8,-2.5,6,0,,341,21.6,53,1022.2,,07-10-2022
3.6,-2.8,8.1,0,,235,15.5,48,1018,,08-10-2022
4.2,-0.7,7.7,0,,350,11.9,,1017.3,,09-10-2022
2.9,-3.4,9.2,0,,287,8.3,,1022.9,,10-10-2022
8.1,0,17.7,0,,206,14.3,38,1019.4,,11-10-2022
11.8,8.7,12.8,17.2,,172,26.5,58,1007.2,,12-10-2022
6.8,3.7,9.9,1.7,,205,12.5,,1000.2,,13-10-2022
4.7,2.1,7.3,5.2,,151,16.3,50,1006.5,,14-10-2022
5.6,3.4,7.8,4.7,,167,20.7,50,1005.4,,15-10-2022
3.3,0.4,6.1,2.7,,265,8.3,,1009.4,,16-10-2022
4.1,0.9,7.3,11,,32,21.5,59,1002.7,,17-10-2022
4.2,0.1,8.2,3.1,,36,13.1,44,1000.8,,18-10-2022
1,-2.5,4.4,1,0,330,15,32,1003.2,,19-10-2022
0.7,-2.9,4.2,0,10,245,11.3,33,1003.8,,20-10-2022
7.8,1.4,14.1,0,,190,25.1,61,1006.3,,21-10-2022
12.2,6.2,18.2,0,,193,15.1,36,1011.5,,22-10-2022
15,8.7,21.2,0,,168,18.3,37,1020.2,,23-10-2022
14.7,8.3,21,0,,159,19.5,41,1019,,24-10-2022
15.7,10.8,20.6,0,,164,21.2,44,1010.7,,25-10-2022
6.2,-1.3,13.7,14,,174,19.3,57,1005.2,,26-10-2022
2.5,-2.5,7.4,0,,273,9.1,,1026.8,,27-10-2022
4.6,-0.9,10,0,,193,15.8,38,1032.8,,28-10-2022
7.6,0.4,14.8,0,,206,16.1,44,1027.6,,29-10-2022
8.6,2.3,14.9,0,,202,13.4,33,1019.5,,30-10-2022
8,4.9,13.9,0,,167,9.2,,1012.2,,31-10-2022
8.6,0.4,16.7,0,,229,12.8,34,1016,,01-11-2022
6.8,1.6,12,0,,145,11.9,,1026.7,,02-11-2022
9.1,4.7,13.4,0,,192,19.3,42,1021.1,,03-11-2022
13.4,9.6,17.2,13,,193,28.5,67,1012.6,,04-11-2022
14.1,11.4,16.8,6.6,,184,27.4,82,1004.6,,05-11-2022
9.8,7.4,12.1,0,,214,30.8,68,1007.6,,06-11-2022
4.2,-1.5,9.9,0,,281,21.7,62,1022.5,,07-11-2022
0.4,-3,3.8,0,,33,15.5,33,1042,,08-11-2022
5,-1.7,11.6,4.5,,176,21.3,57,1027.2,,09-11-2022
13.5,8.4,18.6,0,,195,18.4,36,1013.3,,10-11-2022
8.1,2.4,13.8,0,,118,15,37,1005.8,,11-11-2022
-1.3,-5,2.4,0.2,0,338,19.3,39,1008.6,,12-11-2022
-4.8,-6.3,-3.3,0,0,319,16.9,35,1019.1,,13-11-2022
-3.9,-6,-0.6,0,0,325,12.8,31,1028.9,,14-11-2022
-4.5,-6.5,-2.5,1.4,,58,14.7,32,1032.1,,15-11-2022
-7.5,-11,-3.9,2.2,50,4,16.9,35,1018.6,,16-11-2022
-8.5,-11.1,-5.9,0.4,60,322,11.3,,1014.9,,17-11-2022
-8.9,-13.6,-4.1,0,60,225,7.3,,1013.5,,18-11-2022
-7.6,-11.7,-3.4,0.4,90,207,20.2,47,1008.2,,19-11-2022
-12.1,-14.7,-9.1,0,90,269,16.3,38,1017.4,,20-11-2022
-4.6,-10,0.8,0.2,90,230,22.5,58,1013.9,,21-11-2022
-6.4,-11.1,-3.1,1.8,80,192,9.2,,1022.4,,22-11-2022
-2,-4.5,0.5,0,40,182,9.1,,1023.1,,23-11-2022
2.4,-0.8,5.5,0,50,170,16,32,1018.3,,24-11-2022
1.1,-2.3,4.4,3.1,,291,15,41,1011.6,,25-11-2022
3.8,-2.3,9.8,0,,215,21.1,49,1007.3,,26-11-2022
-0.3,-3,2.4,4.4,40,2,20,51,1003.5,,27-11-2022
-4.5,-6.5,-2.5,0,40,6,12.7,31,1014.7,,28-11-2022
-2.4,-5.5,0.8,0,20,130,19.4,46,1017,,29-11-2022
0.3,-4,4.9,7.9,,215,28.8,61,997.8,,30-11-2022
-3.4,-5,-1.4,0,,265,19.2,47,1018.9,,01-12-2022
0.5,-3.8,3.2,0,10,179,26.8,56,1016.2,,02-12-2022
-1.8,-8.9,5.4,3.1,0,261,22.3,69,1009.2,,03-12-2022
-4.6,-8.1,-1,0.8,0,211,16,51,1015.1,,04-12-2022
0.6,-1.1,2.2,0.4,0,207,22.3,50,1008.8,,05-12-2022
-3.7,-7.3,-0.1,5,60,14,18.2,44,1021.4,,06-12-2022
-4.1,-8.1,0,2.8,60,10,10.7,50,1023.7,,07-12-2022
-10.8,-13.5,-8.1,0,70,24,12,34,1032.3,,08-12-2022
-9.5,-12.7,-6.2,0,70,51,18.3,36,1036,,09-12-2022
-11.1,-15,-7.2,0,50,57,20.1,36,1033.2,,10-12-2022
-9.2,-12.1,-6.3,0,50,45,16.4,33,1025.4,,11-12-2022
-10.2,-12.3,-6.2,0,,42,16.2,,1032,,12-12-2022
-9,-15.1,-3.4,0,,20,12.7,,1033,,13-12-2022
-8.2,-12,-5,0,,46,18.5,,1029,,14-12-2022
-3.1,-8,0,11.6,,96,28,,1015.3,,15-12-2022
-0.3,-1.2,0,8.1,,133,17.8,,1006.6,,16-12-2022
-2.1,-3.7,-1,0.8,,177,9.2,,1003.4,,17-12-2022
-3.7,-5.5,-2.8,0.9,,233,8.9,,1008.2,,18-12-2022
-8,-10,-4,0.3,,311,13.6,,1023.7,,19-12-2022
-7.8,-13.9,-2.4,0.8,,210,15.1,,1027.9,,20-12-2022
-10.4,-15.2,-7,0,,230,11.8,,1028.1,,21-12-2022
-7.1,-11.2,-3,0.5,,95,19.5,,1019.1,,22-12-2022
-3.1,-8,-1.7,15.6,,6,21.6,,982.8,,23-12-2022
-11.3,-13.1,-8,3.8,,260,22.1,,983.5,,24-12-2022
-13.1,-15,-11.8,0.1,,278,18.8,,1000.5,,25-12-2022
-12.8,-14,-10,0,,295,13.6,,1015.1,,26-12-2022
-9,-13,-6,4.6,,210,12.8,,1017,,27-12-2022
-2.2,-5,0,8.8,,183,17.9,,1012.8,,28-12-2022
2.2,-1,4.1,0,,187,20.8,,1011.6,,29-12-2022
4.5,2,7,0.8,,210,20.4,,1011.6,,30-12-2022
0.2,-1,1,0,,319,6.5,,1012.2,,31-12-2022
-1,-2,0,0.7,,214,9.5,,1012.7,,01-01-2023
0.5,0,2,0,,240,11.2,,1016.7,,02-01-2023
-0.5,-1,0.4,0.2,,46,10.1,,1014.5,,03-01-2023
-3.5,-8,-1,5.4,,45,29.1,,1013.5,,04-01-2023
-7.6,-8.6,-7,14.2,,19,20.2,,1012.2,,05-01-2023
-7.6,-10.7,-4.4,0.3,,317,7.8,,1016.7,,06-01-2023
-11.3,-13,-10,0,,340,13.6,,1027.4,,07-01-2023
-7.6,-15.2,-3,0,,227,19.3,,1021.8,,08-01-2023
-4.1,-10,-1.7,0,,278,16.2,,1013.2,,09-01-2023
-12.1,-14,-10,0,,33,15.1,,1021.7,,10-01-2023
-11.1,-15,-7,4.9,,96,16,,1019.9,,11-01-2023
-5.5,-7,-3,1,,32,18.4,,1014.6,,12-01-2023
-9.3,-17,16,0,,2,30,,1020.3,,13-01-2023
-15.8,-23,-9,0,,346,8.8,,1025.6,,14-01-2023
-8.5,-13,-4,0,,159,10.6,,1026.3,,15-01-2023
-4.8,-9,-1,0,,141,16.5,,1017.6,,16-01-2023
-2.1,-4,0,7.6,,102,14.2,,1001.8,,17-01-2023
-2.3,-6,0,1,,6,18.8,,1012.7,,18-01-2023
-8.4,-9,-6,9.5,,44,28.9,,1012.7,,19-01-2023
-8.9,-14,-5.8,1.3,,359,19.9,,1012,,20-01-2023
-11.8,-17.4,-7,0,,225,9.3,,1020.4,,21-01-2023
-4.1,-7,-2.7,0.2,,192,8.8,,1013.9,,22-01-2023
-4,-6,-2.9,1.1,,248,12.8,,1009.9,,23-01-2023
-6.6,-10.9,-3,0.8,,335,14.2,,1016.5,,24-01-2023
-8.3,-11,-5,3.6,,65,17.6,,1016.6,,25-01-2023
-9.4,-16,-6.9,1.5,,355,18,,1007.4,,26-01-2023
-11.7,-21,-2,3.1,,132,21.9,,1009,,27-01-2023
-9.1,-15.4,-2,0.4,,299,17.8,,1016.7,,28-01-2023
-14.1,-16.3,-11,0,,20,12.5,,1024.2,,29-01-2023
-13.7,-20,-9,1.5,,215,10.8,,1022.1,,30-01-2023
-16.4,-24.3,-8.9,0,,231,12.5,,1024.1,,31-01-2023
-11.3,-14.2,-7.5,0,,235,15,,1019,,01-02-2023
-12.2,-22.4,-4,1.4,,260,21.5,,1011,,02-02-2023
-28.2,-33.2,-23,0,,313,18.6,,1028.6,,03-02-2023
-17.9,-29.5,-5,1.8,,176,23.2,,1021.3,,04-02-2023
-5.6,-12,-3,1,,70,14.3,,1010,,05-02-2023
-13.6,-19,-8.9,0,,89,12.2,,1024.8,,06-02-2023
-2.8,-12,2,9.2,,203,24.1,,1010.2,,07-02-2023
-0.9,-3,3.2,0,,237,16.5,,1019.6,,08-02-2023
-1.8,-5,1,6.5,,84,15.8,,1011.9,,09-02-2023
-5.2,-12,-1,6.7,,329,19.4,,1010.9,,10-02-2023
-7.6,-15.2,-1,0,,226,22.5,,1019.8,,11-02-2023
-0.7,-6,2.1,0,,206,9.5,,1013.7,,12-02-2023
-2,-4.7,2,0.1,,248,10.2,,1002.9,,13-02-2023
-1.7,-8,5,0,,201,17.8,,1011.7,,14-02-2023
2.1,-2,4.7,4.7,,186,24.3,,1000.2,,15-02-2023
-10.7,-15.1,-5,2.2,,10,19.1,,1018.3,,16-02-2023
-15,-19,-11.2,1.8,,346,19.3,,1018.8,,17-02-2023
-6,-14,-2,0,,221,19.4,,1017.3,,18-02-2023
-1.5,-7,2,0,,182,23.1,,1008.9,,19-02-2023
-10.1,-15,0,0.2,,29,16.1,,1008.2,,20-02-2023
-11.3,-15,-5,4,,52,18.6,,1001.7,,21-02-2023
-12.7,-16,-9,0,,56,14.7,,1021.1,,22-02-2023
-15.9,-19,-13,6.9,,29,30.5,,1019,,23-02-2023
-20,-24,-15,0,,303,14.5,,1033.2,,24-02-2023
-14.7,-21,-8,1.9,,157,12.6,,1024.3,,25-02-2023
-6.5,-13,-3.7,0.3,,289,18.2,,1009.5,,26-02-2023
-11.7,-20,-7,0.3,,70,16.7,,1012,,27-02-2023
-5.4,-8.2,-0.5,7.2,,300,15.4,,1004.4,,28-02-2023
-3.9,-9,1.1,0,,98,9.5,,1013.6,,01-03-2023
-6.3,-14,-1.9,0.4,,18,20.6,,1013.2,,02-03-2023
-8.1,-19,-0.4,0,,97,11.6,,1013.8,,03-03-2023
-1.4,-5.4,4.2,0,,311,11.4,,1009.1,,04-03-2023
0,-6,6,0,,323,10.7,,1020.4,,05-03-2023
-3.3,-8.2,2,0,,30,15.4,,1026.3,,06-03-2023
-3.6,-9,1.2,0,,352,28.1,,1028,,07-03-2023
-4.2,-10,1.2,0,,355,21.7,,1034.5,,08-03-2023
-4.7,-10,1,0,,8,20.5,,1031.9,,09-03-2023
-5.3,-8,-2,0,,20,27.6,,1022.2,,10-03-2023
-8.8,-12,-6.5,0,,26,22.9,,1021.5,,11-03-2023
-10.5,-14,-7,1.3,,31,20.6,,1019.3,,12-03-2023
-9,-11,-6,2.5,,9,24.2,,1016.2,,13-03-2023
-8.7,-14.2,-2,0,,353,24.1,,1021,,14-03-2023
-6.5,-14.8,2,0,,250,15.4,,1021.3,,15-03-2023
-0.2,-3,2.4,2.1,,165,10.5,,1011.6,,16-03-2023
0,-5.6,3,13.9,,153,21.3,,995,,17-03-2023
-8.1,-12.6,-5,0.7,,241,19.2,,1002.5,,18-03-2023
-10,-19,-2,0,,262,16,,1011.3,,19-03-2023
-3.5,-6.4,-1,0.4,,323,11.9,,1015.2,,20-03-2023
-6,-11,-2,0,,33,15.6,,1026.9,,21-03-2023
-2.7,-6.5,0.7,3.8,,112,18.5,,1021.6,,22-03-2023
0.5,-2.5,2,0,,272,21.4,,1009.8,,23-03-2023
-4.2,-10.5,0.7,0,,343,10.9,,1019.7,,24-03-2023
-3,-6.9,0,12.9,,71,24.5,,1005.3,,25-03-2023
1,-3,6,1.6,,303,16.4,,1006.4,,26-03-2023
-0.8,-4.3,2,0,,41,18.9,,1019.9,,27-03-2023
-2.8,-9.6,4,0,,172,12.4,,1022.2,,28-03-2023
-4.3,-11,-2,0.9,,254,18.8,,1014.5,,29-03-2023
-6.4,-13.4,0.2,0,,234,17.6,,1023.4,,30-03-2023
-2.8,-6,0,4.9,,107,15.2,,1014.9,,31-03-2023
-3.4,-8.1,-1,32.2,,18,33.2,,1001.1,,01-04-2023
-5.7,-14,2,0,,233,18.1,,1016.8,,02-04-2023
1.5,-3,7,3.5,,227,23.3,,1007.6,,03-04-2023
-3.4,-7,0,0.2,,38,26.9,,1022.8,,04-04-2023
-1.8,-5,1.9,22.3,,85,28.5,,1013.6,,05-04-2023
1,-3.3,4,0.2,,242,32.4,,1015.5,,06-04-2023
-3.4,-8.2,1.1,0,,295,17.6,,1030.7,,07-04-2023
-1.9,-8,4,0,,231,11.4,,1033.1,,08-04-2023
-0.7,-7,5.2,0,,217,16,,1032.6,,09-04-2023
5,-1,12.3,0.9,,217,18.3,,1024.1,,10-04-2023
8.3,4,14.9,0,,232,15.2,,1013,,11-04-2023
10.1,3.9,17.1,0,,195,13,,1008.4,,12-04-2023
12.5,6,21,0,,203,11.3,,1007.3,,13-04-2023
10.4,3,18.6,0,,71,15.8,,1012.6,,14-04-2023
15,4,24,0,,171,8.7,,1010.8,,15-04-2023
16.1,5,25,0.6,,121,13.8,,1004,,16-04-2023
4.7,0.2,11.7,8.4,,199,19.7,,997.6,,17-04-2023
0,-2.9,2,1.8,,278,15.3,,1001.3,,18-04-2023
-0.7,-5.2,5,0,,299,16.3,,1017.8,,19-04-2023
0.8,-4,5,4.7,,61,16.1,,1024,,20-04-2023
3.5,1,7,7,,135,17.5,,1013.4,,21-04-2023
1.9,-0.6,4.2,12.1,,21,14.8,,1009.5,,22-04-2023
2.8,1,6,2.9,,210,13.3,,1011.6,,23-04-2023
2,-0.2,5,2.4,,24,12.4,,1017.6,,24-04-2023
1.3,-0.4,3,0.1,,7,12.2,,1020,,25-04-2023
2,-1.3,6,0,,313,7.2,,1022.5,,26-04-2023
4.2,-1,8.1,0.1,,174,13.3,,1021.7,,27-04-2023
11.2,5.7,18,0,,140,12.8,,1017,,28-04-2023
7.8,7,10,8.4,,124,16.7,,1007.3,,29-04-2023
8.6,7,10,17.2,,109,18.7,,996,,30-04-2023
5,0.7,7,20.2,,224,18,,983.5,,01-05-2023
3.8,1,7,13.4,,192,15.8,,992.1,,02-05-2023
7.2,5,10,2.2,,6,21.7,,1005.6,,03-05-2023
7.3,4.2,10.6,0,,25,11.8,,1016.1,,04-05-2023
9.6,4.6,14,0.1,,88,10.6,,1025.1,,05-05-2023
11.7,4,18,0,,30,9.4,,1026.3,,06-05-2023
11,7,15,3.6,,12,12.4,,1017.7,,07-05-2023
9.7,4,15,0,,19,15.8,,1017.3,,08-05-2023
10.5,1.8,18.5,0,,347,10,,1019.9,,09-05-2023
14.9,4,24,0,,265,13.4,,1019.8,,10-05-2023
15.9,8,24.1,0.6,,261,13.1,,1017.2,,11-05-2023
16.8,9,22.4,0,,353,13.3,,1018.8,,12-05-2023
11.9,6.8,16.7,0,,14,18.5,,1025.3,,13-05-2023
10.9,3,18,0,,27,15.5,,1031.5,,14-05-2023
15.1,4.4,24,0,,252,18.4,,1019.8,,15-05-2023
7.9,-0.2,16,2,,337,23,,1008.6,,16-05-2023
2.8,-1.2,8.1,0,,30,18,,1019.1,,17-05-2023
6.9,-0.2,13.4,0,,187,16.2,,1021.5,,18-05-2023
9,5,15,3.3,,192,13.8,,1015,,19-05-2023
8.6,7.6,10,30.2,,11,20.3,,1013.6,,20-05-2023
10.4,6.4,15,0,,8,18,,1017.8,,21-05-2023
10.4,1.8,18.9,0,,143,14.4,,1025,,22-05-2023
14.8,8,23,1.9,,213,21.3,,1021,,23-05-2023
6.1,2.9,11,6.2,,18,24.9,,1026.9,,24-05-2023
9,0,17,0,,33,12.3,,1029.2,,25-05-2023
15.2,5.7,24.6,0,,245,10.3,,1027,,26-05-2023
16.9,7,25.3,0,,240,15.7,,1025.4,,27-05-2023
19.1,7.9,29.1,0,,303,10,,1021.1,,28-05-2023
21,13,28,0,,82,11.8,,1019.1,,29-05-2023
22.1,15,29,0,,190,14.3,,1018.3,,30-05-2023
22.9,13.7,31,0,,211,15.8,,1019,,31-05-2023
23.7,14.6,32,0,,257,10.3,,1020.5,,01-06-2023
23.2,18.7,29,0.1,,17,13.4,,1019.9,,02-06-2023
19.3,14,25,0,,42,16.7,,1022.1,,03-06-2023
18.1,10.1,25,0,,88,10,,1021,,04-06-2023
18.7,13,26,0,,355,15.8,,1016.6,,05-06-2023
14.5,8,20,0,,11,23.2,,1014.8,,06-06-2023
14.8,8,21,0,,9,19.5,,1011.2,,07-06-2023
14.9,12,18,0,,1,13.1,,1010.8,,08-06-2023
16.8,10,24,0,,323,10.8,,1008.7,,09-06-2023
15.9,9.9,25,6.4,,11,12.4,,1006.9,,10-06-2023
8,6,10,5.2,,13,19.8,,1011.8,,11-06-2023
12.8,8,15.6,32.4,,43,15.1,,1006.2,,12-06-2023
13.2,10,16.2,16.8,,154,17.8,,1001.8,,13-06-2023
14.4,6,22,0.1,,355,9,,1003.1,,14-06-2023
13.7,11.4,16,0.2,,0,15.4,,1006.5,,15-06-2023
16.4,10,23,0,,5,16.5,,1011.3,,16-06-2023
17.2,9.2,24,0,,16,12.3,,1012.4,,17-06-2023
19.5,11,25.1,0,,88,8.7,,1013.1,,18-06-2023
20.2,12.5,27,0,,160,7.7,,1017.3,,19-06-2023
21.9,15,28.2,0,,97,9.4,,1023,,20-06-2023
23,15,29,0,,143,8.6,,1024.1,,21-06-2023
22.7,16.4,28.1,0,,105,9.2,,1020.3,,22-06-2023
22.6,15.7,29,0,,223,9.8,,1015,,23-06-2023
22,15,28,0.2,,2,13.9,,1012.1,,24-06-2023
21,16,26,2,,63,17.1,,1010.4,,25-06-2023
20.2,17.7,23,21.9,,81,16,,1003.1,,26-06-2023
13.9,10.7,18.1,8.4,,0,22.7,,1006.1,,27-06-2023
16,8,23,0,,359,13.9,,1014.5,,28-06-2023
18.1,10,25,0,,166,10.5,,1016.4,,29-06-2023
19.3,14.9,24.1,0.2,,173,14.9,,1013.4,,30-06-2023
20.5,15,27,0.2,,266,9.7,,1011.3,,01-07-2023
21.9,15.4,28.9,1.4,,10,7.2,,1010.1,,02-07-2023
24.2,17.7,30,0,,4,6.5,,1011.5,,03-07-2023
24.5,18,31,0,,259,10.8,,1013.8,,04-07-2023
23,18,29.5,0.8,,211,13.5,,1013.9,,05-07-2023
19.2,17,21.2,20.7,,356,9.4,,1012.4,,06-07-2023
19.3,15,24,1.2,,10,7.4,,1012.6,,07-07-2023
18.9,15,25,0.1,,325,7.8,,1011.6,,08-07-2023
18.8,14,24,0.8,,246,9.7,,1010.5,,09-07-2023
19.8,11.8,27,0,,207,17.1,,1009.4,,10-07-2023
20.1,15.4,24.6,0.5,,257,13.8,,1008.1,,11-07-2023
16.8,10.5,22.2,0,,334,8.2,,1013.7,,12-07-2023
18.2,15.8,23,1.8,,32,11.9,,1008.6,,13-07-2023
18.9,13,23,0,,203,15.4,,1010.4,,14-07-2023
18.9,16,23,5.4,,174,14.3,,1009.5,,15-07-2023
19.8,16,24,3.5,,193,11.7,,1007.6,,16-07-2023
17.8,14,21.7,6.3,,219,15,,1007.9,,17-07-2023
15.4,10,20.5,0.2,,246,10.1,,1013.9,,18-07-2023
17.2,10,22.3,0,,261,8,,1017.3,,19-07-2023
16.4,14.3,18,18.2,,121,10.9,,1013.1,,20-07-2023
18.9,14,24.6,0.8,,1,14.5,,1011.1,,21-07-2023
18.5,11,24.6,0,,2,9,,1011.9,,22-07-2023
20,13.4,26,0,,230,12,,1012.7,,23-07-2023
18.3,16,24,8,,213,7.8,,1015.2,,24-07-2023
19.5,14.9,25,0.5,,261,9.9,,1016.9,,25-07-2023
18.6,13.9,24.5,0.2,,203,10.5,,1012.5,,26-07-2023
21.8,17,28.2,0,,320,12.3,,1012,,27-07-2023
22.6,18,28.1,0.2,,273,14.2,,1013.2,,28-07-2023
16.6,13,21,0,,22,15,,1016.1,,29-07-2023
15.3,9.4,23,9.5,,288,11.3,,1015.6,,30-07-2023
15.4,10,20.2,0,,325,10.9,,1018.8,,31-07-2023
16.4,9,22.5,0,,326,6.4,,1022.2,,01-08-2023
18.3,12.6,24.2,7,,199,18.4,,1018.3,,02-08-2023
18.2,15.5,21.5,20.7,,241,11.1,,1010.9,,03-08-2023
17.9,14.9,21.9,0,,351,15.4,,1014.7,,04-08-2023
17.2,9,24,0,,357,8.8,,1019.9,,05-08-2023
18.9,12,25,0,,84,7.2,,1016.7,,06-08-2023
16.3,13.8,19,13.3,,29,19.9,,1009.8,,07-08-2023
19,13,26.1,0,,349,15.2,,1007.6,,08-08-2023
19.2,14,25,1.3,,251,11.4,,1006.2,,09-08-2023
16.6,11.7,22,4,,271,10.7,,1003.7,,10-08-2023
15.4,10.7,20.2,0,,337,10.2,,1009.5,,11-08-2023
16.1,14,19,9.4,,99,11,,1007.1,,12-08-2023
16.8,13.9,20.1,0.6,,342,14.8,,1012.5,,13-08-2023
16.9,12.9,22.4,0,,10,10.7,,1016.8,,14-08-2023
17.9,12.8,24,0,,29,10.1,,1013.9,,15-08-2023
18.6,12.3,25.3,0,,228,15.2,,1012.1,,16-08-2023
18.2,14,22,11,,193,26.2,,1003.5,,17-08-2023
13.5,10.9,18.2,1.6,,310,18.4,,1006.5,,18-08-2023
15.7,6.7,25,0,,265,12.9,,1014.4,,19-08-2023
19.4,14.7,27,0.2,,237,14.5,,1015.3,,20-08-2023
16.6,11,21,0,,2,10.5,,1024.7,,21-08-2023
17,10.5,23,0,,299,7.3,,1024.8,,22-08-2023
17.3,14,22,0,,195,8.3,,1019.4,,23-08-2023
17.1,14.2,20,0,,135,9.7,,1012.7,,24-08-2023
17.8,16,21.1,3.8,,299,7.7,,1012,,25-08-2023
14.3,9.6,19,10.9,,13,22.1,,1018.3,,26-08-2023
14.2,7,21,0,,5,10.2,,1020.6,,27-08-2023
15.2,8,22,0,,244,9.9,,1016.7,,28-08-2023
14.1,11.7,16,13.9,,175,13.7,,1011.2,,29-08-2023
11.5,8,17.5,2.9,,357,22.3,,1014,,30-08-2023
14.2,5,23,0,,295,9,,1019.9,,31-08-2023
16.7,10.7,24,0,,218,16.3,,1022.6,,01-09-2023
19.8,14.8,26,0,,219,20.8,,1012.9,,02-09-2023
19.7,14.8,25,0,,211,15.8,,1010.1,,03-09-2023
22.5,16,30.3,0,,219,10.9,,1011.5,,04-09-2023
22.6,16.9,30,0,,195,13.4,,1013.7,,05-09-2023
23.3,19.6,29.3,16.3,,180,16.8,,1008.7,,06-09-2023
12,9,20,0,,348,20.2,,1010.3,,07-09-2023
12.2,8,18.4,0,,2,12.8,,1017.5,,08-09-2023
13.8,6.7,21,0,,37,8.5,,1022.4,,09-09-2023
15.7,8.8,22.1,0.4,,32,10.1,,1021.7,,10-09-2023
15.2,13.7,18,3.7,,28,13.7,,1020.6,,11-09-2023
12.9,9.6,15,13.2,,355,12.2,,1014.1,,12-09-2023
10,8.7,11.2,0.9,,319,16.9,,1015.3,,13-09-2023
11.5,6,18,0,,270,9.1,,1020.8,,14-09-2023
13,7.7,19,0,,214,14.1,,1022.1,,15-09-2023
14.4,9,21,0,,196,13.4,,1017.1,,16-09-2023
13.6,11,19,3.1,,346,11.8,,1013.3,,17-09-2023
11.9,8,16.3,0,,11,18.1,,1015.3,,18-09-2023
8.3,2,14,0,,14,11.5,,1018.1,,19-09-2023
11.1,3,19,0,,240,6.4,,1022.5,,20-09-2023
14.7,8,22,0,,168,11,,1025.6,,21-09-2023
16.6,11,22.4,0,,180,11.5,,1026.6,,22-09-2023
16.6,11,23,0,,80,8.1,,1025.7,,23-09-2023
16.2,13,22.5,0,,38,13,,1023.9,,24-09-2023
15,11,20,0,,49,16.8,,1025.8,,25-09-2023
13.9,9.4,19,0.4,,81,13.8,,1030.1,,26-09-2023
13.2,8,20,0,,88,14.1,,1029.3,,27-09-2023
13.3,6,20.2,0,,92,11.6,,1025.2,,28-09-2023
14.7,8,22,0,,149,9.2,,1023.1,,29-09-2023
15.5,9,22,0,,244,8.7,,1024.5,,30-09-2023
17.1,13.9,20.1,0.8,,55,7.6,,1027,,01-10-2023
18.8,15,25,0,,206,15.3,,1022.1,,02-10-2023
19.7,14.2,27,0,,221,13.3,,1020.2,,03-10-2023
19.8,13.9,27,0,,182,21.1,,1017.3,,04-10-2023
16.9,14,19,9.5,,193,19.4,,1012.2,,05-10-2023
13.5,9,18,8.4,,209,15.5,,1007.6,,06-10-2023
8.2,5.3,10,20.6,,352,18.1,,1007.5,,07-10-2023
2.1,1,5,25.3,,313,28.6,,1000.1,,08-10-2023
2.1,0,5,13.9,,251,16.6,,995.9,,09-10-2023
5.4,2.7,9,6.1,,246,10.2,,1001.4,,10-10-2023
4.4,1.3,7.5,0.8,,288,7.4,,1007.1,,11-10-2023
5.1,0,10.1,0,,324,11.7,,1015.5,,12-10-2023
7.1,1.9,12,0,,2,12.1,,1020.5,,13-10-2023
8.2,7,10.6,1.3,,15,18.5,,1016.6,,14-10-2023
5.7,4.7,7.2,3.9,,351,24.3,,1011.9,,15-10-2023
6.6,3.9,10.2,0,,356,22.7,,1014.8,,16-10-2023
5.3,1,12,0,,6,10.6,,1016.3,,17-10-2023
7.2,3,10.6,0,,187,14.2,,1016.8,,18-10-2023
9.7,8,12,3.2,,173,20.4,,1009.5,,19-10-2023
9.7,5,12.3,21.6,,127,16.8,,999.1,,20-10-2023
4,2.5,5,0.2,,354,23.3,,1002.2,,21-10-2023
2.3,-1,6,0,,340,21.5,,1013.4,,22-10-2023
2.6,-4.3,9,0,,240,11.5,,1022.2,,23-10-2023
8.7,5.3,12.3,4.3,,173,16.4,,1018,,24-10-2023
12.2,10,15,18.8,,217,13.5,,1015.9,,25-10-2023
10.1,8.4,14,18.5,,70,15.4,,1017.3,,26-10-2023
15.1,14,16.1,4.9,,215,17.5,,1009.7,,27-10-2023
3.6,0.6,11.1,1.5,,308,15,,1019.4,,28-10-2023
1.3,-0.5,4,3.6,,159,12.7,,1022.6,,29-10-2023
-0.7,-4.7,1.2,1.9,,303,8.1,,1015.6,,30-10-2023
-2.8,-4.9,0.6,0.3,,99,9.2,,1018.8,,31-10-2023
-3,-8.4,0,0,,289,12.8,,1022,,01-11-2023
1.4,-1.3,4.5,0.1,,207,15.3,,1020.8,,02-11-2023
5.3,0.7,9,2.6,,215,21,,1014,,03-11-2023
-0.2,-5,5,0,,248,7.9,,1021.2,,04-11-2023
-0.4,-1.5,1,0.2,,45,8.9,,1021.5,,05-11-2023
4.3,-1,9,16.9,,165,23.3,,1006,,06-11-2023
-1.7,-5.5,8.1,1.4,,341,23.1,,1012.3,,07-11-2023
-2.7,-6,1,2.7,,80,16.5,,1021,,08-11-2023
-0.7,-3,3.1,8.3,,176,16.5,,1007.8,,09-11-2023
-0.5,-2.4,2,0.2,,314,14.5,,1016.6,,10-11-2023
-3.4,-5.2,-1,0,,8,9.3,,1031.2,,11-11-2023
-2.6,-7,1.8,0,,147,15.7,,1032,,12-11-2023
2.4,0.2,6,3.5,,221,21.4,,1018.7,,13-11-2023
1.3,0,2.1,0,,252,15.5,,1026.4,,14-11-2023
6.2,1,11,0,,218,18.9,,1017.5,,15-11-2023
5.2,-1,11,0,,204,23.8,,1015.6,,16-11-2023
3.2,-3.5,12,5.5,,306,19,,1007.4,,17-11-2023
-0.9,-5.3,4,0,,220,15.2,,1010.2,,18-11-2023
-3.7,-8,-1,0,,338,16.6,,1016.5,,19-11-2023
-7,-12,-2,0,,46,5.5,,1031.5,,20-11-2023
-4.8,-7.5,-2,3.1,,83,15.1,,1020.9,,21-11-2023
-1.5,-3,0.4,0,,281,7.8,,1010.2,,22-11-2023
-3.6,-12,0.6,1,,280,12.9,,1011.8,,23-11-2023
-9.9,-16,-4.8,0,,276,13,,1024.9,,24-11-2023
-2,-7,1.1,0,,228,19.9,,1022.3,,25-11-2023
-1.2,-2,0,6.9,,156,14.5,,1010.7,,26-11-2023
-4.3,-8.9,-0.9,0.6,,251,16.9,,1001.2,,27-11-2023
-10.6,-15.5,-6,0,,291,14.9,,1011.2,,28-11-2023
-4.5,-10.2,-0.4,0.9,,204,18.1,,1006.2,,29-11-2023
1.1,0,3,0,,225,17.2,,1005.2,,30-11-2023
-2.9,-6,-0.7,0,,345,7.7,,1016.2,,01-12-2023
-4.2,-6.2,-1,0,,44,16.3,,1020.4,,02-12-2023
-6.8,-9,-5,1,,36,24.1,,1013.4,,03-12-2023
-5.3,-7.4,-3,0,,9,12.5,,1011.6,,04-12-2023
-5,-6.5,-3,0,,56,10.8,,1018.8,,05-12-2023
-6.9,-10,-5,0.2,,0,9.3,,1020.6,,06-12-2023
-3.4,-6,-1,2.9,,123,9,,1011.6,,07-12-2023
-1.7,-3,0,0,,129,18.7,,1013.1,,08-12-2023
3.6,1,7,5.4,,165,21.8,,1007.2,,09-12-2023
0,-5,3.2,0.1,,255,15.3,,1007.3,,10-12-2023
-6.2,-8,-5,0,,308,14.2,,1015.1,,11-12-2023
-2.7,-6,-0.5,1.3,,235,22.1,,1014.9,,12-12-2023
-6.9,-10.2,-4,0,,271,13,,1030.7,,13-12-2023
-1.7,-9.8,4,0,,216,20.1,,1027,,14-12-2023
2.7,0,5,0.2,,255,15.2,,1023.9,,15-12-2023
-1,-3,1,1,,95,13.7,,1029.5,,16-12-2023
1.8,-1,4,6.7,,162,19.5,,1010.4,,17-12-2023
-1.2,-8.2,4,1.8,,328,24.9,,998.8,,18-12-2023
-8.8,-13,-2.2,0,,264,19.2,,1017.8,,19-12-2023
-3.6,-10,-1,0,,336,16.1,,1029.4,,20-12-2023
-10.3,-13,-6.9,0,,74,15.8,,1037.8,,21-12-2023
-7.7,-11.2,-4,0,,137,13,,1030.2,,22-12-2023
-3.1,-4.7,-1.7,0.4,,110,8.3,,1025.9,,23-12-2023
-0.2,-1.4,1,0,,152,8.9,,1027.6,,24-12-2023
1.3,0,3,0,,156,12.2,,1025.7,,25-12-2023
2,1,3,0.5,,50,15.7,,1021.6,,26-12-2023
1.4,0.7,2.1,0.1,,35,17.2,,1017.5,,27-12-2023
1.7,1,2,0.1,,29,22.8,,1012.5,,28-12-2023
-1.7,-5,1,0,,1,16.8,,1008.5,,29-12-2023
-6.3,-7.2,-5,0,,351,12.5,,1010.3,,30-12-2023
-7.1,-8,-6,0,,42,13.8,,1017.4,,31-12-2023
